Name,URL,Image,Channels,Channel Wattage,PWM (4-Pin),Form Factor,Color,Price
ARCTIC Case Fan Hub,https://pcpartpicker.com/product/cyNYcf/arctic-case-fan-hub-fan-controller-acfan00175a,https://cdna.pcpartpicker.com/static/forever/images/product/efadfdb330778f08668a183b3932948f.256p.jpg,10,,Yes,Internal,Black,9.43
Razer RZ34-02140700-R3M1,https://pcpartpicker.com/product/Nrstt6/razer-rz34-02140700-r3m1-fan-controller-rz34-02140700-r3m1,https://cdna.pcpartpicker.com/static/forever/images/product/ab2043638e65519e544de947a22adfb3.256p.jpg,8,,Yes,Internal,Black,49.99
Lian Li UNI HUB – SL Controller,https://pcpartpicker.com/product/2YMMnQ/lian-li-uni-hub-sl-controller-fan-controller-uf-in-l-connect3-wt,https://m.media-amazon.com/images/I/31iKOtbksqL.jpg,4,,Yes,Internal,Black,
NZXT RGB &amp; Fan Controller (2022),https://pcpartpicker.com/product/vB8bt6/nzxt-rgb-fan-controller-2022-fan-controller-ac-crfr0-b1,https://cdna.pcpartpicker.com/static/forever/images/product/84c5c9ec20981b5cc9958c9f2c3faecd.256p.jpg,3,36 W,Yes,Internal,Black,34.99
Noctua NA-FH1,https://pcpartpicker.com/product/mHYRsY/noctua-na-fh1-fan-controller-na-fh1,https://m.media-amazon.com/images/I/41h0qQpQ5IL.jpg,8,6 W,Yes,Internal,Black,36.95
Thermalright TL-FAN and ARGB HUB x8,https://pcpartpicker.com/product/wfLdnQ/thermalright-tl-fan-and-argb-hub-x8-fan-controller-tl-fan-and-argb-hub-x8,https://cdna.pcpartpicker.com/static/forever/images/product/0fe563f978f6ca22fc4986657257b95e.256p.jpg,4,,Yes,Internal,Black,
Noctua NV-FH2,https://pcpartpicker.com/product/s96NnQ/noctua-nv-fh2-fan-controller-nv-fh2,https://cdna.pcpartpicker.com/static/forever/images/product/8f1b6e255d2c645d43fb2115a78ea164.256p.jpg,8,,Yes,Internal,Black,49.95
DARKROCK DR-FAN-CONTROLLER,https://pcpartpicker.com/product/NbxTwP/darkrock-dr-fan-controller-fan-controller-dr-fan-controller,https://m.media-amazon.com/images/I/41H2cTfEV2L.jpg,10,,Yes,Internal,Black,13.99
Thermalright TL-FAN-HUB-Controller,https://pcpartpicker.com/product/DzV2FT/thermalright-tl-fan-hub-controller-fan-controller-tl-fan-hub-controller,https://m.media-amazon.com/images/I/31KTmDgxDIL.jpg,4,,Yes,Internal,Black,10.59
Fractal Design Adjust Pro Hub,https://pcpartpicker.com/product/ktdMnQ/fractal-design-adjust-pro-hub-fan-controller-fd-a-aph1-001,https://cdna.pcpartpicker.com/static/forever/images/product/d623f65b1799b293a23e0a09468adfa8.256p.jpg,4,,Yes,Internal,Black,39.99
Lian Li UNI HUB – SLV2 Controller,https://pcpartpicker.com/product/kjh2FT/lian-li-uni-hub-slv2-controller-fan-controller-12slv2-cont3b,https://m.media-amazon.com/images/I/21uyqG+P5pL.jpg,4,,Yes,Internal,Black,
Cooler Master MasterFan ARGB and PWM HUB,https://pcpartpicker.com/product/7dzp99/cooler-master-masterfan-argb-and-pwm-hub-fan-controller-mfx-zhhn-1nnn6-r1,https://m.media-amazon.com/images/I/41hXNkuQvBL.jpg,6,,Yes,Internal,Black,
Lian Li UNI HUB – SLV2 Controller,https://pcpartpicker.com/product/rmBFf7/lian-li-uni-hub-slv2-controller-fan-controller-12slv2-cont3w,https://m.media-amazon.com/images/I/21uyqG+P5pL.jpg,4,,Yes,Internal,White,
Thermaltake Commander FT,https://pcpartpicker.com/product/XnnG3C/thermaltake-commander-ft-fan-controller-ac-010-b51nan-a1,https://m.media-amazon.com/images/I/41Vdr3fyD9L.jpg,5,10 W,Yes,"5.25""",,54.98
Deepcool FH-04,https://pcpartpicker.com/product/9DWJ7P/deepcool-fh-04-fan-controller-dp-f04pwm-hub,https://cdna.pcpartpicker.com/static/forever/images/product/9835ea94302c8b39b2509f01934b4ee6.256p.jpg,4,,Yes,Internal,Black,
Thermalright TL-FAN-HUB Controller Rev.A,https://pcpartpicker.com/product/MYZXsY/thermalright-tl-fan-hub-controller-reva-fan-controller-tl-fan-hub-controller-reva,https://m.media-amazon.com/images/I/317zN4lvvkL.jpg,10,,Yes,Internal,Black,
EZDIY-FAB US-12V 5V fan hub-16P,https://pcpartpicker.com/product/FpVfrH/ezdiy-fab-us-12v-5v-fan-hub-16p-fan-controller-us-12v-5v-fan-hub-16p,https://m.media-amazon.com/images/I/312S8ZuGVCL.jpg,8,,Yes,Internal,Black,23.99
Phanteks Nexlinq,https://pcpartpicker.com/product/mbcBD3/phanteks-nexlinq-fan-controller-ph-nlhub_01,https://cdna.pcpartpicker.com/static/forever/images/product/78185a1b8845add099314285e1a3268f.256p.jpg,3,,Yes,Internal,Black,
Deepcool FH-10,https://pcpartpicker.com/product/RmsV3C/deepcool-fh-10-fan-controller-dp-f10pwm-hub,https://cdna.pcpartpicker.com/static/forever/images/product/7ea84f7f19f2842191362180668b985a.256p.jpg,10,,Yes,Internal,Black,
Deepcool SC790,https://pcpartpicker.com/product/kWpQzy/deepcool-sc790-fan-controller-r-sc790-bknsnn-g,https://cdna.pcpartpicker.com/static/forever/images/product/11a72bf70b5ddcea72a329776fe9a71e.256p.jpg,6,,No,Internal,Black,
Thermalright TL-FAN HUB X4,https://pcpartpicker.com/product/Gzrqqs/thermalright-tl-fan-hub-x4-fan-controller-tl-fan-hub-x4,https://m.media-amazon.com/images/I/31LE4YZbbdL.jpg,4,,Yes,Internal,Black,
EZDIY-FAB US-PWM fan hub,https://pcpartpicker.com/product/Wf8Pxr/ezdiy-fab-us-pwm-fan-hub-fan-controller-us-pwm-fan-hub,/static/forever/img/no-image.png,10,,Yes,Internal,Black,
Vetroo VT-HUB-10A10P-WT,https://pcpartpicker.com/product/KPDnTW/vetroo-vt-hub-10a10p-wt-fan-controller-vt-hub-10a10p-wt,/static/forever/img/no-image.png,10,,Yes,Internal,White,
Thermaltake Commander F6 RGB,https://pcpartpicker.com/product/9w3H99/thermaltake-commander-f6-rgb-fan-controller-ac-024-bn1nan-a1,https://cdna.pcpartpicker.com/static/forever/images/product/fd8b4df1e1965922aaee7862a53213f4.256p.jpg,6,0.03 W,Yes,"5.25""",Black,
NZXT Sentry Mix 2,https://pcpartpicker.com/product/tWW9TW/nzxt-fan-controller-senmix2,https://m.media-amazon.com/images/I/41Lc8cxUIuL.jpg,6,30 W,Yes,"5.25""",,
Kingwin FPX-001,https://pcpartpicker.com/product/xDphP6/kingwin-fan-controller-fpx001,https://m.media-amazon.com/images/I/41fhnRn9+HL.jpg,4,8 W,No,"3.5""",,15.99
NZXT SENTRY 3,https://pcpartpicker.com/product/dQ8Zxr/nzxt-fan-controller-acsen3b1,https://m.media-amazon.com/images/I/41fFWQ9fSkL.jpg,5,15 W,Yes,"5.25""",,
Aerocool Touch 2100,https://pcpartpicker.com/product/DscMnQ/aerocool-fan-controller-en51965,https://m.media-amazon.com/images/I/51DEQrQ-ImL.jpg,5,25 W,No,"2 x 5.25""",,
Lamptron FC-FANATIC-B,https://pcpartpicker.com/product/2YphP6/lamptron-fan-controller-fcfanaticb,https://cdna.pcpartpicker.com/static/forever/images/product/221b83885e3e1a8f2076bf2fe87ae215.256p.jpg,5,60 W,Yes,"5.25""",,
Silverstone FP59B,https://pcpartpicker.com/product/FXqBD3/silverstone-fp59b-fan-controller-sst-fp59b,https://cdna.pcpartpicker.com/static/forever/images/product/b07394b07acac69dd1e4fdb162b17ba3.256p.jpg,1,,No,"5.25""",Black,
Lamptron FC Touch,https://pcpartpicker.com/product/fJsKHx/lamptron-fan-controller-fcfctb,https://cdna.pcpartpicker.com/static/forever/images/product/9fe9a114181a666bd6b65ae1ba7ebe89.256p.jpg,6,30 W,Yes,"5.25""",,
Aerocool CoolTouch E,https://pcpartpicker.com/product/JTvD4D/aerocool-cooltouch-e-fan-controller-en51547,https://m.media-amazon.com/images/I/317lTlex8IL.jpg,4,20 W,Yes,"5.25""",Black,
Vetroo VT-HUB-10A10P-PK,https://pcpartpicker.com/product/QCcBD3/vetroo-vt-hub-10a10p-pk-fan-controller-vt-hub-10a10p-pk,/static/forever/img/no-image.png,10,,Yes,Internal,Pink,
NZXT Sentry 2,https://pcpartpicker.com/product/9f6BD3/nzxt-fan-controller-sentry2,https://images-na.ssl-images-amazon.com/images/I/41%2BYQdEDnNL.jpg,5,10 W,No,"5.25""",,
Aerocool Touch 2000,https://pcpartpicker.com/product/J3qdnQ/aerocool-fan-controller-touch2000,https://m.media-amazon.com/images/I/518Jk7QeaLL.jpg,4,6 W,No,"2 x 5.25""",,
BitFenix Recon (White),https://pcpartpicker.com/product/FTXfrH/bitfenix-fan-controller-bfarcnwsrp,https://cdna.pcpartpicker.com/static/forever/images/product/55565c09798810f5c0df3f407eeec412.med.256p.jpg,5,10 W,Yes,"5.25""",,
Kingwin FPX-003,https://pcpartpicker.com/product/MVh9TW/kingwin-fan-controller-fpx003,https://m.media-amazon.com/images/I/415kK4vQPTL.jpg,4,8 W,No,"5.25""",,
Vetroo VT-HUB-10A10P,https://pcpartpicker.com/product/qLxTwP/vetroo-vt-hub-10a10p-fan-controller-vt-hub-10a10p,/static/forever/img/no-image.png,10,,Yes,Internal,Black,
NZXT Sentry LX,https://pcpartpicker.com/product/KNfp99/nzxt-fan-controller-sen001lx,/static/forever/img/no-image.png,5,6 W,No,"2 x 5.25""",,
NZXT Sentry Mesh,https://pcpartpicker.com/product/MLh9TW/nzxt-fan-controller-sentrymesh,https://m.media-amazon.com/images/I/41YhAtwPdnL.jpg,5,30 W,No,"5.25""",,
Lamptron FC6,https://pcpartpicker.com/product/L67wrH/lamptron-fan-controller-fcfc6b,https://cdna.pcpartpicker.com/static/forever/images/product/97fa9ed9f470db654ead95c8d0f9584a.256p.jpg,4,10 W,Yes,"5.25""",,
Lamptron FC9,https://pcpartpicker.com/product/NfJwrH/lamptron-fan-controller-fcfc9b,https://cdna.pcpartpicker.com/static/forever/images/product/05a760e613a86e79c42f6b12dcf1c02d.256p.jpg,4,50 W,Yes,"5.25""",,
Deepcool ROCK MASTER V3.0,https://pcpartpicker.com/product/8CBv6h/deepcool-rock-master-v30-fan-controller-rock-master-v30,/static/forever/img/no-image.png,4,10 W,Yes,"5.25""",,
Aerocool CoolTouch E,https://pcpartpicker.com/product/vNJp99/aerocool-cooltouch-e-fan-controller-en51844,https://m.media-amazon.com/images/I/41sAwde9wtL.jpg,4,20 W,Yes,"5.25""",White,
Aerocool CoolTouch-R Black,https://pcpartpicker.com/product/ZB8Zxr/aerocool-fan-controller-cooltouchrblack,https://m.media-amazon.com/images/I/31Po+fhq31L.jpg,4,20 W,Yes,"5.25""",,
Aerocool F6XT,https://pcpartpicker.com/product/B6TmP6/aerocool-fan-controller-f6xt,https://m.media-amazon.com/images/I/41pHy0bSlzL.jpg,6,12 W,Yes,"5.25""",,
Aerocool Touch-1000,https://pcpartpicker.com/product/j8Lypg/aerocool-fan-controller-touch1000,https://m.media-amazon.com/images/I/41cBiT7MpaL.jpg,4,,No,"5.25""",,
Aerocool V12XT,https://pcpartpicker.com/product/jXg323/aerocool-fan-controller-v12xt,https://m.media-amazon.com/images/I/41ufKQobXnL.jpg,4,6 W,No,"2 x 5.25""",,
BitFenix Recon (Black),https://pcpartpicker.com/product/6qDwrH/bitfenix-fan-controller-bfarcnksrp,https://cdna.pcpartpicker.com/static/forever/images/product/5f0ef6074aa20b5f6aff22660f89d25a.med.256p.jpg,5,10 W,Yes,"5.25""",,
Gelid Solutions SpeedTouch6,https://pcpartpicker.com/product/kWV48d/gelid-solutions-fan-controller-fclc01speedtouch6,https://cdna.pcpartpicker.com/static/forever/images/product/235ebfc2193f5d732f3212b894aed4e2.256p.jpg,6,30 W,Yes,"5.25""",,
Thermaltake AC-001-BN1NAN-A1,https://pcpartpicker.com/product/QGW9TW/thermaltake-fan-controller-ac001bn1nana1,https://m.media-amazon.com/images/I/41lI55T++fL.jpg,5,8 W,Yes,"5.25""",,
Lamptron Fanatic,https://pcpartpicker.com/product/XgR48d/lamptron-fan-controller-fcfanatics,https://m.media-amazon.com/images/I/419-SLZ+k4L.jpg,5,60 W,Yes,"5.25""",,
Lamptron FC2,https://pcpartpicker.com/product/67kD4D/lamptron-fan-controller-fcfc2s,/static/forever/img/no-image.png,6,45 W,Yes,"5.25""",,
Lamptron CW611-B,https://pcpartpicker.com/product/4YyFf7/lamptron-fan-controller-cw611b,https://cdna.pcpartpicker.com/static/forever/images/product/11f94ccabdf8e6386ab84279dbc2138f.256p.jpg,6,36 W,No,"5.25""",,
Lamptron FC-FC2-B,https://pcpartpicker.com/product/jJvRsY/lamptron-fan-controller-fcfc2b,https://cdna.pcpartpicker.com/static/forever/images/product/1ca1cc56b0e8ec299dd8991696fc29ac.256p.jpg,6,45 W,No,"5.25""",,
Lamptron FC-FC5V2-B,https://pcpartpicker.com/product/w7ckcf/lamptron-fan-controller-fcfc5v2b,https://cdna.pcpartpicker.com/static/forever/images/product/d68e4903e5ef1df6f0908fe993045f37.256p.jpg,4,30 W,No,"5.25""",,
Lamptron FC-CF525-BK,https://pcpartpicker.com/product/bzmLrH/lamptron-fan-controller-fccf525bk,https://cdna.pcpartpicker.com/static/forever/images/product/eab690a01fd51d6b19622e24d426d59e.256p.jpg,5,60 W,Yes,"5.25""",,
Lamptron FC-CM615-BK,https://pcpartpicker.com/product/WLW9TW/lamptron-fan-controller-fccm615bk,https://cdna.pcpartpicker.com/static/forever/images/product/d91a16c86fe6578748302a0611d15a47.256p.jpg,6,15 W,No,"5.25""",,
Lamptron FC-FC5V3-BK,https://pcpartpicker.com/product/2GvRsY/lamptron-fan-controller-fcfc5v3bk,https://cdna.pcpartpicker.com/static/forever/images/product/b68ace7e9b7418b919d464a44077a2f1.256p.jpg,6,30 W,Yes,"5.25""",,
Aerocool Strike-X-X1000,https://pcpartpicker.com/product/YD4NnQ/aerocool-fan-controller-en55536,https://images-na.ssl-images-amazon.com/images/I/31%2BBTmaxEJL.jpg,5,25 W,No,"5.25""",,
Kingwin FPX-005,https://pcpartpicker.com/product/qnQRsY/kingwin-fan-controller-fpx005,https://m.media-amazon.com/images/I/41768dleqLL.jpg,5,8 W,Yes,"5.25""",,
Scythe Kaze Master Flat II,https://pcpartpicker.com/product/h3yV3C/scythe-kaze-master-flat-ii-fan-controller-km08-bk,https://m.media-amazon.com/images/I/31X4+z+8k2L.jpg,4,36 W,No,"5.25""",Black,
Aerocool X-Vision,https://pcpartpicker.com/product/rGW9TW/aerocool-x-vision-fan-controller-x-vision,https://m.media-amazon.com/images/I/41X4XUxmOLL.jpg,5,0.008 W,No,"5.25""",Black,
