Name,URL,Image,Amount,Price
ARCTIC MX-6,https://pcpartpicker.com/product/k2pzK8/arctic-mx-6-4-g-thermal-paste-actcp00080a,https://cdna.pcpartpicker.com/static/forever/images/product/3d165b90f17f4124d08ce51bde755da4.256p.jpg,4 g,5.99
Prolimatech PK-Zero,https://pcpartpicker.com/product/9skwrH/prolimatech-thermal-paste-propkzero600g,https://cdna.pcpartpicker.com/static/forever/images/product/84779660db3a09225f66c3067b0e62e5.256p.jpg,600 g,194.18
Thermal Grizzly Kryonaut,https://pcpartpicker.com/product/XHqbt6/thermal-grizzly-kryonaut-1-g-thermal-paste-tg-k-001-rs,https://cdna.pcpartpicker.com/static/forever/images/product/e6d57f462cf826fea2ece98cc59b334e.256p.jpg,1 g,8.99
Arctic Silver 5 High-Density Polysynthetic Silver,https://pcpartpicker.com/product/6RrG3C/arctic-silver-thermal-paste-as535g,https://cdna.pcpartpicker.com/static/forever/images/product/0717918950a454120e59f23fee37077b.256p.jpg,3.5 g,11.99
Thermal Grizzly Kryonaut Extreme,https://pcpartpicker.com/product/J7Tp99/thermal-grizzly-kryonaut-extreme-2-g-thermal-paste-tg-ke-002-r,https://cdna.pcpartpicker.com/static/forever/images/product/7531e7bdc184bb0d6ecc992b453419cc.256p.jpg,2 g,21.99
ARCTIC MX-4 (2019),https://pcpartpicker.com/product/JmYLrH/arctic-mx-4-2019-4-g-thermal-paste-actcp00002b,https://cdna.pcpartpicker.com/static/forever/images/product/4e73c6b1d3705d74d0e07371664984ce.256p.jpg,4 g,5.49
Corsair TM30,https://pcpartpicker.com/product/dfzkcf/corsair-tm30-thermal-paste-ct-9010001-ww,https://cdna.pcpartpicker.com/static/forever/images/product/14a3a5b1e8a59df6eea1e78e186c460b.256p.jpg,3 g,7.88
ARCTIC MX-7,https://pcpartpicker.com/product/QZCCmG/arctic-mx-7-8-g-thermal-paste-actcp00091a,https://cdna.pcpartpicker.com/static/forever/images/product/756d48e0ad964e9a35e19c07758d1b06.256p.jpg,8 g,8.59
Thermal Grizzly Duronaut,https://pcpartpicker.com/product/q7RnTW/thermal-grizzly-duronaut-2-g-thermal-paste-tg-d-002-r,https://cdna.pcpartpicker.com/static/forever/images/product/ed45f7cb870c9dd8de74f7c9398a68e6.256p.jpg,2 g,9.99
Thermal Grizzly Duronaut,https://pcpartpicker.com/product/KGPv6h/thermal-grizzly-duronaut-6-g-thermal-paste-tg-d-006-r,https://cdna.pcpartpicker.com/static/forever/images/product/7078ce8b4adb1e9f043d28192a9055df.256p.jpg,6 g,19.98
Thermal Grizzly Kryonaut Extreme,https://pcpartpicker.com/product/NLRwrH/thermal-grizzly-kryonaut-extreme-3384-g-thermal-paste-tg-ke-090-r-2,https://m.media-amazon.com/images/I/41KnDwOoqVL.jpg,33.84 g,94.99
Noctua NT-H2,https://pcpartpicker.com/product/XYndnQ/noctua-nt-h2-35-g-thermal-paste-nt-h2-35g,https://cdna.pcpartpicker.com/static/forever/images/product/a365e986bc44fb0d6da4c21f861d6656.256p.jpg,3.5 g,14.95
Corsair XTM70,https://pcpartpicker.com/product/rhWzK8/corsair-xtm70-3-g-thermal-paste-ct-9010010-ww,https://cdna.pcpartpicker.com/static/forever/images/product/a44b079d6e5b02f134f8e61dd10882f6.256p.jpg,3 g,19.98
Thermal Grizzly Polartherm X-8,https://pcpartpicker.com/product/qymNnQ/thermal-grizzly-polartherm-x-8-2-g-thermal-paste-pt-x8-002,https://m.media-amazon.com/images/I/111MYhnFP3L.jpg,2 g,4.49
ARCTIC MX-7 with MX Cleaner,https://pcpartpicker.com/product/FGYfrH/arctic-mx-7-with-mx-cleaner-4-g-thermal-paste-actcp00092a,https://m.media-amazon.com/images/I/31yHHyXSBHL.jpg,4 g,9.58
Thermal Grizzly Conductonaut Extreme,https://pcpartpicker.com/product/fXGhP6/thermal-grizzly-conductonaut-extreme-5-g-thermal-paste-s-tg-ce-005-r,https://m.media-amazon.com/images/I/31QZKZAlfOL.jpg,5 g,49.99
ARCTIC MX-6,https://pcpartpicker.com/product/x8LFf7/arctic-mx-6-2-g-thermal-paste-actcp00079a,https://cdna.pcpartpicker.com/static/forever/images/product/3681993b0a4ab1f34d6443f7995ca535.256p.jpg,2 g,5.49
Noctua NT-H1,https://pcpartpicker.com/product/sX4gXL/noctua-thermal-paste-nth1,https://cdna.pcpartpicker.com/static/forever/images/product/043742a8a65ba42c83b9a3ba5a3c2d47.256p.jpg,3.5 g,8.94
ARCTIC MX-6,https://pcpartpicker.com/product/r46p99/arctic-mx-6-8-g-thermal-paste-actcp00081a,https://cdna.pcpartpicker.com/static/forever/images/product/8658eee6db3cdf36b291e69d72890029.256p.jpg,8 g,7.49
Noctua NT-H2,https://pcpartpicker.com/product/hmYLrH/noctua-nt-h2-10-g-thermal-paste-nt-h2-10g,https://m.media-amazon.com/images/I/41rw-gPcVmL.jpg,10 g,34.67
Arctic Silver 5 High-Density Polysynthetic Silver,https://pcpartpicker.com/product/zN8Zxr/arctic-silver-thermal-paste-as512g,https://cdna.pcpartpicker.com/static/forever/images/product/e479cf1259400827fe4ee4676de7f409.256p.jpg,12 g,38.99
ARCTIC MX-7,https://pcpartpicker.com/product/q43WGX/arctic-mx-7-2-g-thermal-paste-actcp00089a,https://cdna.pcpartpicker.com/static/forever/images/product/75972798acd6e2f2a292d45dcdfc930f.256p.jpg,2 g,6.89
Thermal Grizzly Kryonaut,https://pcpartpicker.com/product/CRkwrH/thermal-grizzly-thermal-paste-tgk015r,https://cdna.pcpartpicker.com/static/forever/images/product/9ae9732ba2a13bade1b23e5cfaf698bf.256p.jpg,5.5 g,21.99
Noctua NT-H2 3.5g AM5 Edition,https://pcpartpicker.com/product/Wnh2FT/noctua-nt-h2-35g-am5-edition-35-g-thermal-paste-nt-h2-35g-am5-edition,https://cdna.pcpartpicker.com/static/forever/images/product/153c306184e7f1c3c6d35cd8a6acfa0a.256p.jpg,3.5 g,26.67
Arctic Silver Ceramique 2 Tri-Linear,https://pcpartpicker.com/product/NqCwrH/arctic-silver-thermal-paste-cmq227g,https://cdna.pcpartpicker.com/static/forever/images/product/54e4a7ef9d18d958e4c00ab368e1c6b5.256p.jpg,2.7 g,
Corsair XTM50,https://pcpartpicker.com/product/QP3mP6/corsair-xtm50-5-g-thermal-paste-ct-9010002-ww,https://cdna.pcpartpicker.com/static/forever/images/product/b9f4d59a1ef7680c36fa309dd509d23d.256p.jpg,5 g,12.29
Thermal Grizzly Conductonaut Extreme,https://pcpartpicker.com/product/4HDQzy/thermal-grizzly-conductonaut-extreme-1-g-thermal-paste-s-tg-ce-001-r,https://cdna.pcpartpicker.com/static/forever/images/product/f14de6b7e7956b8ee95301511af4786f.256p.jpg,1 g,19.98
Thermal Hero QUANTUM,https://pcpartpicker.com/product/HNsMnQ/thermal-hero-quantum-50-g-thermal-paste-th-501750-us,https://m.media-amazon.com/images/I/21wocIv4E1L.jpg,50 g,69.90
ARCTIC MX-4 w/ Spatula,https://pcpartpicker.com/product/gCpQzy/arctic-mx-4-w-spatula-4-g-thermal-paste-actcp00031b,https://cdna.pcpartpicker.com/static/forever/images/product/d756c1b1cae3360570e2a611485e51b2.256p.jpg,4 g,
Thermal Grizzly Kryonaut,https://pcpartpicker.com/product/NPkWGX/thermal-grizzly-kryonaut-111-g-thermal-paste-tg-k-030-r,https://cdna.pcpartpicker.com/static/forever/images/product/5ccc690fb48aa92cf3ac496db6b8015b.256p.jpg,11.1 g,31.99
ARCTIC MX-4 w/ Spatula,https://pcpartpicker.com/product/qwtLrH/arctic-mx-4-w-spatula-8-g-thermal-paste-actcp00059a,https://cdna.pcpartpicker.com/static/forever/images/product/f913de8a3eec1f7ef3f3cfb4e15cc223.256p.jpg,8 g,6.99
Asus ROG RG-07,https://pcpartpicker.com/product/md4Zxr/asus-rog-rg-07-3-g-thermal-paste-rog-rg-07,https://m.media-amazon.com/images/I/21-ek+cmlUL.jpg,3 g,18.06
ARCTIC MX-4,https://pcpartpicker.com/product/HBXfrH/arctic-mx-4-4-g-thermal-paste-ac-mx4,https://cdna.pcpartpicker.com/static/forever/images/product/2998c52bf44e08b31ce96124cf4ff0b3.256p.jpg,4 g,
ARCTIC MX-7,https://pcpartpicker.com/product/KBtkcf/arctic-mx-7-4-g-thermal-paste-actcp00090a,https://cdna.pcpartpicker.com/static/forever/images/product/6a079028542cb3df585329b8c88c3fd0.256p.jpg,4 g,7.37
Thermalright TF9,https://pcpartpicker.com/product/djvD4D/thermalright-tf9-15-g-thermal-paste-tf9-15g,https://m.media-amazon.com/images/I/314ouVDd-dL.jpg,1.5 g,4.88
ID-COOLING Frost X45,https://pcpartpicker.com/product/pJy8TW/id-cooling-frost-x45-4-g-thermal-paste-frost-x45-4g,https://m.media-amazon.com/images/I/31wwoC9MsmL.jpg,4 g,5.99
Thermal Grizzly Aeronaut,https://pcpartpicker.com/product/w4nG3C/thermal-grizzly-thermal-paste-tga015r,https://cdna.pcpartpicker.com/static/forever/images/product/c2677dd5177f559b8be347f2ca37181b.256p.jpg,3.9 g,5.70
KINGPINcooling KPx,https://pcpartpicker.com/product/g4YRsY/kingpincooling-kpx-1-g-thermal-paste-kpx-1g-002,https://m.media-amazon.com/images/I/312Mdxu-8HL.jpg,1 g,8.36
Thermal Grizzly Hydronaut,https://pcpartpicker.com/product/DRkwrH/thermal-grizzly-thermal-paste-tgh015r,https://cdna.pcpartpicker.com/static/forever/images/product/b2dd57132536560659b45258959fbbd9.256p.jpg,3.9 g,11.90
StarTech Metal Oxide,https://pcpartpicker.com/product/nL8Zxr/startech-thermal-paste-silvgrease1,https://cdna.pcpartpicker.com/static/forever/images/product/7592fd947177a18d364a459a5c2460b1.256p.jpg,1.5 g,9.99
Thermalright TF7,https://pcpartpicker.com/product/96BzK8/thermalright-tf7-2-g-thermal-paste-tf7-2g,https://m.media-amazon.com/images/I/31casKiIueL.jpg,2 g,
Prolimatech PK-3 Nano Aluminum High-Grade,https://pcpartpicker.com/product/Q6Gkcf/prolimatech-thermal-paste-propk330g,https://cdna.pcpartpicker.com/static/forever/images/product/e481d9ea681622e27a0ed77d9f530d28.256p.jpg,30 g,49.99
Thermal Grizzly Polartherm X-8,https://pcpartpicker.com/product/KgdG3C/thermal-grizzly-polartherm-x-8-5-g-thermal-paste-pt-x8-005,https://m.media-amazon.com/images/I/11dHJF2pZ4L.jpg,5 g,4.99
Gelid Solutions GC-Extreme,https://pcpartpicker.com/product/tgvRsY/gelid-solutions-thermal-paste-gcextreme,https://cdna.pcpartpicker.com/static/forever/images/product/4fd9ec0bcb620d8511189071fbb70e7c.256p.jpg,3.5 g,8.99
Cooler Master HTK-002,https://pcpartpicker.com/product/hgvRsY/cooler-master-thermal-paste-htk002u1,https://cdna.pcpartpicker.com/static/forever/images/product/2d4478615e2ccdda0a2ee242f07f05b1.256p.jpg,0.01 g,11.30
KINGPINcooling KPx,https://pcpartpicker.com/product/qQcgXL/kingpincooling-kpx-30-g-thermal-paste-kpx-30g-002,https://m.media-amazon.com/images/I/31LcXQ-CxtL.jpg,30 g,56.99
Thermal Grizzly Conductonaut,https://pcpartpicker.com/product/9PkwrH/thermal-grizzly-conductonaut-1g-thermal-paste-tg-c-001-r,https://cdna.pcpartpicker.com/static/forever/images/product/cebb7f029dc60b7c888ae5a3ee5f87ac.256p.jpg,1 g,12.99
KINGPINcooling KPx,https://pcpartpicker.com/product/tRYRsY/kingpincooling-kpx-10-g-thermal-paste-kpx-10g-002,https://m.media-amazon.com/images/I/31nT0+TezvL.jpg,10 g,26.35
ARCTIC MX-4,https://pcpartpicker.com/product/gBbCmG/arctic-mx-4-20-g-thermal-paste-actcp00001b,https://cdna.pcpartpicker.com/static/forever/images/product/463618012eea973a1f79662c0e7f1d29.256p.jpg,20 g,11.99
StarTech HeatGrease,https://pcpartpicker.com/product/LPw323/startech-thermal-paste-heatgrease20,https://cdna.pcpartpicker.com/static/forever/images/product/1ab0be4f48df9c064983f55399c15062.256p.jpg,20 g,5.92
ID-COOLING Frost X45,https://pcpartpicker.com/product/HL9nTW/id-cooling-frost-x45-2-g-thermal-paste-frost-x45-2g,https://m.media-amazon.com/images/I/31wwoC9MsmL.jpg,2 g,6.99
Asus ROG RG-07 KIT,https://pcpartpicker.com/product/VqKscf/asus-rog-rg-07-kit-3-g-thermal-paste-rog-rg-07-kit,https://cdna.pcpartpicker.com/static/forever/images/product/70bd3cf9f5bd22965d9511f13aeedc38.256p.jpg,3 g,
ARCTIC MX-5,https://pcpartpicker.com/product/6skWGX/arctic-mx-5-4-g-thermal-paste-actcp00053a,https://m.media-amazon.com/images/I/310tLvYCxQL.jpg,4 g,
ARCTIC MX-4 (2019),https://pcpartpicker.com/product/YbfFf7/arctic-mx-4-2019-8-g-thermal-paste-actcp00008b,https://cdna.pcpartpicker.com/static/forever/images/product/5adf27cb0ad6b509dba662a8a8dff253.256p.jpg,8 g,6.59
Cooler Master CryoFuze,https://pcpartpicker.com/product/Kkstt6/cooler-master-cryofuze-2-g-thermal-paste-mgz-ndsg-n07m-r2,https://cdna.pcpartpicker.com/static/forever/images/product/a4137e68d3f55caa54903e170d4a2f96.256p.jpg,2 g,6.99
Thermal Hero ULTRA with paste gun,https://pcpartpicker.com/product/yfVfrH/thermal-hero-ultra-with-paste-gun-50-g-thermal-paste-th-301350g-us,/static/forever/img/no-image.png,50 g,84.99
ARCTIC MX-4 (2019),https://pcpartpicker.com/product/Jy4Ycf/arctic-mx-4-2019-45-g-thermal-paste-actcp00024a,https://cdna.pcpartpicker.com/static/forever/images/product/c2900fee4303a331dba69e253775d7cf.256p.jpg,45 g,19.98
Thermalright TF4,https://pcpartpicker.com/product/G3WJ7P/thermalright-tf4-15-g-thermal-paste-tf4-15g,https://cdna.pcpartpicker.com/static/forever/images/product/5733a2c34af6320e743e514909be14aa.256p.jpg,1.5 g,
Thermal Hero METALLIQ,https://pcpartpicker.com/product/gLpD4D/thermal-hero-metalliq-5-g-thermal-paste-th-108005-us,https://m.media-amazon.com/images/I/31Q2jN4IrgL.jpg,5 g,34.90
Thermal Hero ULTRA,https://pcpartpicker.com/product/d62j4D/thermal-hero-ultra-50-g-thermal-paste-th-301350-us,/static/forever/img/no-image.png,50 g,72.98
Thermal Grizzly Polartherm X-10,https://pcpartpicker.com/product/7BfxFT/thermal-grizzly-polartherm-x-10-40-g-thermal-paste-pt-x10-040,https://m.media-amazon.com/images/I/21eVpsrlSHL.jpg,40 g,24.99
Thermalright TF9,https://pcpartpicker.com/product/Py88TW/thermalright-tf9-29-g-thermal-paste-tf9-29g,https://m.media-amazon.com/images/I/31aiKvfFFdL.jpg,2.9 g,6.09
Thermal Hero NEO with paste gun,https://pcpartpicker.com/product/wVfV3C/thermal-hero-neo-with-paste-gun-50-g-thermal-paste-th-201250g-us,https://m.media-amazon.com/images/I/41n8k6AJFFL.jpg,50 g,33.04
Thermal Grizzly Polartherm X-10,https://pcpartpicker.com/product/3X9wrH/thermal-grizzly-polartherm-x-10-2-g-thermal-paste-pt-x10-002,https://m.media-amazon.com/images/I/11PGZ02NfeL.jpg,2 g,5.49
be quiet! DC2,https://pcpartpicker.com/product/vfzXsY/be-quiet-dc2-3-g-thermal-paste-bz004,https://cdna.pcpartpicker.com/static/forever/images/product/b95eacfc6fc1edbd0ba7426c57646a0d.256p.jpg,3 g,6.90
Deepcool Z5,https://pcpartpicker.com/product/tBQypg/deepcool-thermal-paste-z5,https://cdna.pcpartpicker.com/static/forever/images/product/2133b32205dfc4120a39d6148096d9c3.256p.jpg,3 g,
Thermaltake TG-30,https://pcpartpicker.com/product/ZjmFf7/thermaltake-tg-30-4-g-thermal-paste-cl-o023-grosgm-a,https://cdna.pcpartpicker.com/static/forever/images/product/c73b85b8c7f56a57536b2f28c8cf2b27.256p.jpg,4 g,8.99
Thermaltake CL-O004-GROSGM-A,https://pcpartpicker.com/product/8KX2FT/thermaltake-cl-o004-grosgm-a-4g-thermal-paste-cl-o004-grosgm-a,https://cdna.pcpartpicker.com/static/forever/images/product/b752cc19070815ec9475e9ab9528ba94.256p.jpg,4 g,7.99
Cooler Master IC ESSENTIAL E1,https://pcpartpicker.com/product/W4QfrH/cooler-master-ic-essential-e1-375-g-thermal-paste-rg-ice1-tg15-r1,https://cdna.pcpartpicker.com/static/forever/images/product/ca4cb3293f20ff6ff30636dbfa4993ed.256p.jpg,3.75 g,
EVGA Frostbite 2,https://pcpartpicker.com/product/CNTzK8/evga-frostbite-2-25-g-thermal-paste-400-tg-tm01-br,https://cdna.pcpartpicker.com/static/forever/images/product/19647f4715746c038ab56d86850e048c.256p.jpg,2.5 g,11.25
Cooler Master IC ESSENTIAL E2,https://pcpartpicker.com/product/TLFbt6/cooler-master-ic-essential-e2-35-g-thermal-paste-rg-ice2-ta15-r1,https://cdna.pcpartpicker.com/static/forever/images/product/d8852b3c7f0294acbd4a1d19c6d04233.256p.jpg,3.5 g,
Thermal Grizzly Polartherm X-10,https://pcpartpicker.com/product/R8RwrH/thermal-grizzly-polartherm-x-10-5-g-thermal-paste-pt-x10-005,https://m.media-amazon.com/images/I/117svfF73LL.jpg,5 g,5.99
be quiet! C2 Pro,https://pcpartpicker.com/product/Xb9wrH/be-quiet-c2-pro-1-g-thermal-paste-bz005,https://cdna.pcpartpicker.com/static/forever/images/product/2318df69d6c692db6543b34b8e73cb05.256p.jpg,1 g,12.40
Thermal Grizzly Polartherm X-10,https://pcpartpicker.com/product/9LV2FT/thermal-grizzly-polartherm-x-10-10-g-thermal-paste-pt-x10-010,https://m.media-amazon.com/images/I/11K4Q3FlvYL.jpg,10 g,11.99
Cooler Master MasterGel Pro,https://pcpartpicker.com/product/dhJmP6/cooler-master-mastergel-pro-15-g-thermal-paste-mgy-zosg-n15m-r2,https://cdna.pcpartpicker.com/static/forever/images/product/bec334e8556c8bc85ea12892f75fbddd.256p.jpg,1.5 g,
Prolimatech PK-Zero,https://pcpartpicker.com/product/RL2rxr/prolimatech-thermal-paste-propkzero300g,https://cdna.pcpartpicker.com/static/forever/images/product/a4023dfb4a09303c9920db2730de7683.256p.jpg,300 g,
Arctic Silver Ceramique 2 Tri-Linear,https://pcpartpicker.com/product/BZV48d/arctic-silver-thermal-paste-cmq225g,https://cdna.pcpartpicker.com/static/forever/images/product/e3c2b108f570385f0b3d642c35ffd8bd.256p.jpg,25 g,18.25
Prolimatech PK-3 Nano Aluminum High-Grade,https://pcpartpicker.com/product/h3Lypg/prolimatech-thermal-paste-propk315g,https://cdna.pcpartpicker.com/static/forever/images/product/5c7f2d3299a63d51cbbbc39465c83f3d.256p.jpg,1.5 g,7.99
Prolimatech PK-3 Nano Aluminum High-Grade,https://pcpartpicker.com/product/Fsdqqs/prolimatech-thermal-paste-propk35g,https://cdna.pcpartpicker.com/static/forever/images/product/9e2260ebd050bf84b2318d1ca6a647e9.256p.jpg,5 g,12.99
Zalman STC9,https://pcpartpicker.com/product/JfzXsY/zalman-stc9-4-g-thermal-paste-zm-stc9,https://cdna.pcpartpicker.com/static/forever/images/product/827c5c5fbf91513d50c4f79fd3c10cf2.256p.jpg,4 g,
Thermal Grizzly Polartherm X-8,https://pcpartpicker.com/product/Fh6NnQ/thermal-grizzly-polartherm-x-8-40-g-thermal-paste-pt-x8-040,https://m.media-amazon.com/images/I/21-lVUAdsXL.jpg,40 g,19.98
Prolimatech PK-2 Nano Aluminum High-Grade,https://pcpartpicker.com/product/34H323/prolimatech-thermal-paste-propk230g,https://cdna.pcpartpicker.com/static/forever/images/product/cc0f8e7471d364437696eb9623b756b5.256p.jpg,30 g,44.05
Masscool Stars-700,https://pcpartpicker.com/product/ZfXfrH/masscool-thermal-paste-stars700,https://cdna.pcpartpicker.com/static/forever/images/product/6e52d30ccac413ae4410535933c51184.256p.jpg,0.5 g,5.99
Sunbeam Iceberg TS-IB,https://pcpartpicker.com/product/W2h9TW/sunbeam-thermal-paste-tsib,https://cdna.pcpartpicker.com/static/forever/images/product/4e4794560c67fb4e92666870dc4fbc46.med.256p.jpg,1 g,
Thermaltake CL-O002-GROSGM-A,https://pcpartpicker.com/product/J8W9TW/thermaltake-thermal-paste-clo002grosgma,https://m.media-amazon.com/images/I/310IfqGKNsL.jpg,40 g,16.99
Akasa AK-TCW-03,https://pcpartpicker.com/product/nc6qqs/akasa-ak-tcw-03-5-g-thermal-paste-ak-tcw-03,https://cdna.pcpartpicker.com/static/forever/images/product/c65961376ec167a05f96056bbe7aa05a.256p.jpg,5 g,16.47
Thermal Hero NEO,https://pcpartpicker.com/product/D8Pv6h/thermal-hero-neo-50-g-thermal-paste-th-201250-us,https://m.media-amazon.com/images/I/21uEPfz4CVL.jpg,50 g,52.99
Gelid Solutions GC-Extreme,https://pcpartpicker.com/product/pGphP6/gelid-solutions-thermal-paste-tcgc0310g,https://m.media-amazon.com/images/I/3138QeAkkwL.jpg,10 g,
NZXT High-performance,https://pcpartpicker.com/product/zqZ9TW/nzxt-high-performance-15-g-thermal-paste-ba-tp015-01,https://cdna.pcpartpicker.com/static/forever/images/product/e0ce9336eb1e60057066ed6a4a62f267.256p.jpg,15 g,
Prolimatech PK-2 Nano Aluminum High-Grade,https://pcpartpicker.com/product/RKzv6h/prolimatech-thermal-paste-propk25g,https://cdna.pcpartpicker.com/static/forever/images/product/bf03014b52917053ce68774b3bf32be3.256p.jpg,5 g,20.30
Thermal Grizzly Polartherm X-8,https://pcpartpicker.com/product/Q9qrxr/thermal-grizzly-polartherm-x-8-10-g-thermal-paste-pt-x8-010,https://m.media-amazon.com/images/I/114tCYpqu1L.jpg,10 g,7.99
Thermal Hero QUANTUM,https://pcpartpicker.com/product/vVfV3C/thermal-hero-quantum-4-g-thermal-paste-th-501704-us,/static/forever/img/no-image.png,4 g,22.43
Prolimatech PK-1,https://pcpartpicker.com/product/7RrG3C/prolimatech-thermal-paste-propk15g,https://cdna.pcpartpicker.com/static/forever/images/product/0dc6c8b0c1aa93747c81e97cf71cc95e.256p.jpg,5 g,17.68
ARCTIC MX-4,https://pcpartpicker.com/product/tp7wrH/arctic-mx-4-20-g-thermal-paste-actc-mx4-20g,https://cdna.pcpartpicker.com/static/forever/images/product/8f5b161d7579a79d61c04413994f508b.256p.jpg,20 g,
ARCTIC MX-2,https://pcpartpicker.com/product/FZV48d/arctic-mx-2-65-g-thermal-paste-actc-mx2-65g,https://m.media-amazon.com/images/I/31lkO54uzwL.jpg,65 g,
ARCTIC MX-2,https://pcpartpicker.com/product/3wLypg/arctic-mx-2-4-g-thermal-paste-mx-2r,https://cdna.pcpartpicker.com/static/forever/images/product/858696f603cfebaa192c79fcf4ef6230.256p.jpg,4 g,
Deepcool Z3,https://pcpartpicker.com/product/pMPfrH/deepcool-thermal-paste-z3,https://cdna.pcpartpicker.com/static/forever/images/product/0080a512b9ffea2b9e69482283632ff3.256p.jpg,1.5 g,
NZXT High-performance,https://pcpartpicker.com/product/jw4Ycf/nzxt-high-performance-3-g-thermal-paste-ba-tp003-01,https://cdna.pcpartpicker.com/static/forever/images/product/64fec5cede25a54a4c221f1d0a19c91e.256p.jpg,3 g,
Cooler Master CryoFuze Violet,https://pcpartpicker.com/product/kyJgXL/cooler-master-cryofuze-violet-2-g-thermal-paste-mgy-nosg-n07m-r1,https://cdna.pcpartpicker.com/static/forever/images/product/4277f1a99896549c19c7bbe5e4a0bbd4.256p.jpg,2 g,
Gelid Solutions GC-4,https://pcpartpicker.com/product/CMFmP6/gelid-solutions-gc-4-10-g-thermal-paste-tc-gc-04-c,https://cdna.pcpartpicker.com/static/forever/images/product/f192e377685c2e8602e79f0c8166b3cb.256p.jpg,10 g,
Thermaltake TG-50,https://pcpartpicker.com/product/Y8fFf7/thermaltake-tg-50-4-g-thermal-paste-cl-o024-grosgm-a,https://cdna.pcpartpicker.com/static/forever/images/product/f3fbaa3f9ab0021a3c58844e59759691.256p.jpg,4 g,
Scythe Thermal Elixer G,https://pcpartpicker.com/product/sXrqqs/scythe-thermal-elixer-g-35-g-thermal-paste-scteg-1000,https://m.media-amazon.com/images/I/21NhfUgsMxL.jpg,3.5 g,16.95
Scythe Thermal Elixer 2,https://pcpartpicker.com/product/y4fxFT/scythe-thermal-elixer-2-5-g-thermal-paste-scte-2000,https://m.media-amazon.com/images/I/31DwZpHblNL.jpg,5 g,9.99
Thermal Hero ULTRA,https://pcpartpicker.com/product/sJBFf7/thermal-hero-ultra-10-g-thermal-paste-th-301310-us,https://m.media-amazon.com/images/I/215XSxKlZaL.jpg,10 g,15.23
Thermal Hero QUANTUM,https://pcpartpicker.com/product/XHpD4D/thermal-hero-quantum-10-g-thermal-paste-th-501710-us,https://m.media-amazon.com/images/I/21UE8GLs1bL.jpg,10 g,27.81
Thermalright Chill Factor 3,https://pcpartpicker.com/product/dXkwrH/thermalright-chill-factor-3-4g-thermal-paste-chill-factor-3,https://images-na.ssl-images-amazon.com/images/I/51kkeq9FnIL.jpg,4 g,
Antec Formula 7 Nano Diamond,https://pcpartpicker.com/product/WtvRsY/antec-thermal-paste-formula7,https://m.media-amazon.com/images/I/41mMgvFbyCL.jpg,4 g,
TUNIQ TX-4 Extreme Performance,https://pcpartpicker.com/product/28phP6/tuniq-thermal-paste-tx4,https://m.media-amazon.com/images/I/31XvOchS66L.jpg,1 g,
Cooler Master ThermalFusion 400,https://pcpartpicker.com/product/XvBv6h/cooler-master-thermal-paste-rgtf4tgu1gp,https://cdna.pcpartpicker.com/static/forever/images/product/8b51b477f12ee77699a86c9f02917b17.256p.jpg,4 g,
Prolimatech PK-2 Nano Aluminum High-Grade,https://pcpartpicker.com/product/9c9KHx/prolimatech-thermal-paste-propk215g,https://cdna.pcpartpicker.com/static/forever/images/product/78f1013586fec61e8217a1b936ccfd7f.256p.jpg,1.5 g,10.46
TUNIQ TX-2,https://pcpartpicker.com/product/kJJwrH/tuniq-thermal-paste-tx2,https://images-na.ssl-images-amazon.com/images/I/314EX9NQJBL.jpg,3.5 g,
Masscool G751 Shin-Etsu,https://pcpartpicker.com/product/mDPfrH/masscool-thermal-paste-g751,https://m.media-amazon.com/images/I/31uJTGzgKdL.jpg,0.5 g,
Thermene Graphene,https://pcpartpicker.com/product/RJFPxr/thermene-thermal-paste-t23ml,/static/forever/img/no-image.png,1.5 g,
Prolimatech PK-Zero,https://pcpartpicker.com/product/FBZ2FT/prolimatech-thermal-paste-propkzero5g,https://cdna.pcpartpicker.com/static/forever/images/product/4c5ed468d520ee5f6cf3eebd56410536.256p.jpg,9 g,
Phanteks PH-NDC_02,https://pcpartpicker.com/product/PCzZxr/phanteks-ph-ndc_02-2g-thermal-paste-ph-ndc_02,https://m.media-amazon.com/images/I/31DlPjDbtRL.jpg,5 g,16.37
Cooler Master MasterGel Maker,https://pcpartpicker.com/product/zjH8TW/cooler-master-mastergel-maker-15-g-thermal-paste-mastergel-maker,https://cdna.pcpartpicker.com/static/forever/images/product/9defdac667d32ca465424fbe9e5fa480.256p.jpg,2 g,
Thermalright TF8,https://pcpartpicker.com/product/HCwkcf/thermalright-tf8-2-g-thermal-paste-tf-8-2g,https://m.media-amazon.com/images/I/31ndH33FxsL.jpg,1.5 g,
Thermalright TFX,https://pcpartpicker.com/product/hbpmP6/thermalright-tfx-2-g-thermal-paste-tfx-2g,https://cdna.pcpartpicker.com/static/forever/images/product/5e419f1f097a6a43988da13e65090eea.256p.jpg,2 g,
Thermalright TFX,https://pcpartpicker.com/product/XDwkcf/thermalright-tfx-62-g-thermal-paste-tfx-62,https://m.media-amazon.com/images/I/31oVeso1jXL.jpg,2 g,
ARCTIC MX-5 Incl. Spatula,https://pcpartpicker.com/product/jykWGX/arctic-mx-5-incl-spatula-4-g-thermal-paste-actcp00054a,https://m.media-amazon.com/images/I/41bG0W1pM7L.jpg,6.2 g,
ARCTIC MX-5,https://pcpartpicker.com/product/TBZ9TW/arctic-mx-5-20-g-thermal-paste-actcp00057a,https://m.media-amazon.com/images/I/31pVSnLL4RL.jpg,4 g,
EK EK-TIM Ectotherm,https://pcpartpicker.com/product/tFGbt6/ek-ek-tim-ectotherm-5-g-thermal-paste-3830046998453,https://cdna.pcpartpicker.com/static/forever/images/product/f138c6b56d0a76d76d2ae379ea9864aa.256p.jpg,20 g,
be quiet! DC1,https://pcpartpicker.com/product/Jx92FT/be-quiet-dc1-3-g-thermal-paste-bz001,https://cdna.pcpartpicker.com/static/forever/images/product/3858d0f1d598116cf07f4023c63e6c40.256p.jpg,5 g,
Iceberg Thermal FUZEIce Plus,https://pcpartpicker.com/product/3WPQzy/iceberg-thermal-fuzeice-plus-7-g-thermal-paste-blackicep8g-00a,https://cdna.pcpartpicker.com/static/forever/images/product/32fec3dd2662c57bdf49ecaa6e542b68.256p.jpg,3 g,
Gelid Solutions GC-4,https://pcpartpicker.com/product/wCwmP6/gelid-solutions-gc-4-1-g-thermal-paste-tc-gc-04-a-1,/static/forever/img/no-image.png,7 g,
Gelid Solutions GC-Extreme,https://pcpartpicker.com/product/yLyH99/gelid-solutions-gc-extreme-10-g-thermal-paste-tc-gc-03-02,https://cdna.pcpartpicker.com/static/forever/images/product/ea8d4a389ec1d8dd817245c9a1f2d44e.256p.jpg,1 g,
Zalman STC7,https://pcpartpicker.com/product/dDgrxr/zalman-stc7-4-g-thermal-paste-zm-stc7,https://m.media-amazon.com/images/I/31JUZumr3eL.jpg,10 g,
Deepcool DM9,https://pcpartpicker.com/product/3yP8TW/deepcool-dm9-15-g-thermal-paste-r-dm9-gy015c-g,https://cdna.pcpartpicker.com/static/forever/images/product/f606599cef4396904bcad18a6a80a7e2.256p.jpg,4 g,
Deepcool DM9,https://pcpartpicker.com/product/RvyH99/deepcool-dm9-4-g-thermal-paste-r-dm9-gy040c-g,https://cdna.pcpartpicker.com/static/forever/images/product/093de864b6ae86b1c6ff81551ee4b816.256p.jpg,1.5 g,
Xilence ZUB-XPTP,https://pcpartpicker.com/product/cX6NnQ/xilence-zub-xptp-15-g-thermal-paste-xz018,https://m.media-amazon.com/images/I/21wOpBIZXKL.jpg,4 g,
Thermal Hero NEO,https://pcpartpicker.com/product/GfVfrH/thermal-hero-neo-4-g-thermal-paste-th-201204-us,https://m.media-amazon.com/images/I/31Hn84v639L.jpg,1.5 g,21.77
Thermal Hero NEO,https://pcpartpicker.com/product/M8Pv6h/thermal-hero-neo-10-g-thermal-paste-th-201210-us,https://m.media-amazon.com/images/I/21JkCxQqUEL.jpg,4 g,8.94
Thermal Hero ULTRA,https://pcpartpicker.com/product/ccBFf7/thermal-hero-ultra-4-g-thermal-paste-th-301304-us,https://m.media-amazon.com/images/I/218tePZPx7L.jpg,10 g,21.99
Thermal Hero QUANTUM,https://pcpartpicker.com/product/PsMXsY/thermal-hero-quantum-1-g-thermal-paste-th-501701-us,https://m.media-amazon.com/images/I/2190Pf9ZOzL.jpg,4 g,9.98
Thermal Hero METALLIQ,https://pcpartpicker.com/product/pby8TW/thermal-hero-metalliq-1-g-thermal-paste-th-108001-us,/static/forever/img/no-image.png,1 g,7.39
Thermal Hero METALLIQ,https://pcpartpicker.com/product/tJBFf7/thermal-hero-metalliq-2-g-thermal-paste-th-108002-us,/static/forever/img/no-image.png,1 g,11.50
Xilence ZUB-XPTP.X5,https://pcpartpicker.com/product/s2dG3C/xilence-zub-xptpx5-3-g-thermal-paste-xz019,https://m.media-amazon.com/images/I/21a6Gm36OxL.jpg,2 g,17.76
Antec Formula 6 Nano Diamond,https://pcpartpicker.com/product/PVxfrH/antec-thermal-paste-formula6,https://m.media-amazon.com/images/I/413tkk2fQUL.jpg,3 g,
Arctic Silver Arctic Alumina Premium Ceramic Polysynthetic,https://pcpartpicker.com/product/f94gXL/arctic-silver-thermal-paste-aa175g,https://m.media-amazon.com/images/I/31eVcxcpbGL.jpg,4 g,
Arctic Silver Arctic Alumina Premium Ceramic Polysynthetic,https://pcpartpicker.com/product/n7tCmG/arctic-silver-thermal-paste-aa14g,/static/forever/img/no-image.png,1.75 g,
Zalman ZM - STG1,https://pcpartpicker.com/product/x6Gkcf/zalman-thermal-paste-zmstg1,https://m.media-amazon.com/images/I/41PUW8t3eNL.jpg,14 g,
Cooler Master IceFusion,https://pcpartpicker.com/product/JbmLrH/cooler-master-thermal-paste-rgicfcwr2gp,https://m.media-amazon.com/images/I/41KiyRx72TL.jpg,3.5 g,
Evercool TC-25,https://pcpartpicker.com/product/mgvRsY/evercool-thermal-paste-tc25,/static/forever/img/no-image.png,40 g,
Cooler Master IceFusion,https://pcpartpicker.com/product/vWg323/cooler-master-thermal-paste-rgicfn200gb1,https://m.media-amazon.com/images/I/41feQEJJuzL.jpg,25 g,
Gelid Solutions GC-Supreme,https://pcpartpicker.com/product/Hhh9TW/gelid-solutions-thermal-paste-tcgc04a,https://m.media-amazon.com/images/I/31ZFlVh45rL.jpg,200 g,
Zalman ZM-STG2,https://pcpartpicker.com/product/8Mzv6h/zalman-thermal-paste-zmstg2,https://m.media-amazon.com/images/I/219NRoMcStL.jpg,7 g,
Xigmatek PTI-G4512,https://pcpartpicker.com/product/MvBv6h/xigmatek-thermal-paste-ptig4512,https://m.media-amazon.com/images/I/413zveBC4XL.jpg,3.5 g,
TUNIQ TX-2 Extreme,https://pcpartpicker.com/product/rvBv6h/tuniq-thermal-paste-tx2ex,/static/forever/img/no-image.png,4 g,
Rosewill RCX-TC001,https://pcpartpicker.com/product/RvBv6h/rosewill-thermal-paste-rcxtc001,https://m.media-amazon.com/images/I/21WP9MXgtIL.jpg,1 g,
Masscool Fanner-420,https://pcpartpicker.com/product/YHPfrH/masscool-thermal-paste-fanner420,https://m.media-amazon.com/images/I/41jtbThTozL.jpg,5 g,
ARCTIC MX-2,https://pcpartpicker.com/product/p8phP6/arctic-mx-2-30-g-thermal-paste-act-mx2-30g,https://m.media-amazon.com/images/I/31QDHbAEMAL.jpg,2 g,
Arctic Silver Arctic Alumina,https://pcpartpicker.com/product/4nPfrH/arctic-silver-thermal-paste-aata5g,https://m.media-amazon.com/images/I/313cEGmuztL.jpg,30 g,
Rosewill RCX-TC090PRO,https://pcpartpicker.com/product/9T6BD3/rosewill-thermal-paste-rcxtc090pro,/static/forever/img/no-image.png,5 g,
Xigmatek PTI-G3606,https://pcpartpicker.com/product/7YMFf7/xigmatek-thermal-paste-ptig3606,https://images-na.ssl-images-amazon.com/images/I/31slb4LzR2L.jpg,20 g,
Biostar TC-DIAMOND,https://pcpartpicker.com/product/V3h9TW/biostar-thermal-paste-tcdiamond,https://images-na.ssl-images-amazon.com/images/I/412tZ8Ne3zL.jpg,3 g,
Thermaltake CL-O0028,https://pcpartpicker.com/product/RPw323/thermaltake-thermal-paste-clo0028,https://m.media-amazon.com/images/I/31+VUCSYQbL.jpg,1.5 g,
Coollaboratory Liquid Ultra,https://pcpartpicker.com/product/sB2kcf/coollaboratory-thermal-paste-900100264,https://cdna.pcpartpicker.com/static/forever/images/product/ce5648e4dffc71e41a854739feccd344.med.256p.jpg,4 g,
Coollaboratory Liquid Pro,https://pcpartpicker.com/product/yR2kcf/coollaboratory-thermal-paste-liquidpro,https://cdna.pcpartpicker.com/static/forever/images/product/efc8db79bdcca1827c0baa21ac7b611f.256p.jpg,0.15 g,
Xigmatek Freezing Point G4718,https://pcpartpicker.com/product/2nbp99/xigmatek-thermal-paste-freezingpointg4718,https://images-na.ssl-images-amazon.com/images/I/31MgheolOJL.jpg,0.15 g,
Evercool STC-01,https://pcpartpicker.com/product/4Mzv6h/evercool-thermal-paste-stc01,https://m.media-amazon.com/images/I/31oCSgahgUL.jpg,4 g,
Syba CL-PTSL-COOL,https://pcpartpicker.com/product/knPfrH/syba-thermal-paste-clptslcool,https://m.media-amazon.com/images/I/31ztJNo7uuL.jpg,4 g,
Prolimatech PK-1,https://pcpartpicker.com/product/48fp99/prolimatech-thermal-paste-propk115g,https://cdna.pcpartpicker.com/static/forever/images/product/2e92518f35d6c85b9e271aa356b4295e.med.256p.jpg,1.5 g,
Prolimatech PK-1,https://pcpartpicker.com/product/hN8Zxr/prolimatech-thermal-paste-propk130g,https://m.media-amazon.com/images/I/41UFFSjIp2L.jpg,1.5 g,
Sunbeam GI-1,https://pcpartpicker.com/product/QDGkcf/sunbeam-thermal-paste-gi1,https://cdna.pcpartpicker.com/static/forever/images/product/5954d7373112ad281f358a69f1e61ee6.med.256p.jpg,30 g,47.58
Antec 77064,https://pcpartpicker.com/product/mzKhP6/antec-thermal-paste-77064,https://cdna.pcpartpicker.com/static/forever/images/product/4a3579cd620ce2a9ec8f44abb78fac2e.256p.jpg,3.5 g,
Deepcool Z9,https://pcpartpicker.com/product/cj8Zxr/deepcool-thermal-paste-z9,/static/forever/img/no-image.png,1 g,
Evercool STC-02,https://pcpartpicker.com/product/xRs8TW/evercool-thermal-paste-stc02,https://cdna.pcpartpicker.com/static/forever/images/product/4cbf0fbff510b64e0aae658ecd037b0f.256p.jpg,3 g,
Logisys Z5,https://pcpartpicker.com/product/wW2kcf/logisys-thermal-paste-z5,/static/forever/img/no-image.png,3 g,
Thermaltake CL-O001-GROSGM-A,https://pcpartpicker.com/product/TBsKHx/thermaltake-thermal-paste-clo001grosgma,https://cdna.pcpartpicker.com/static/forever/images/product/aaa542ea55dc69bfa9268e055acbb429.256p.jpg,3 g,
Thermaltake CLZ0022,https://pcpartpicker.com/product/qQ8Zxr/thermaltake-thermal-paste-clz0022,https://m.media-amazon.com/images/I/31EIewpkv5L.jpg,1.5 g,11.98
Xigmatek Freezing Point G4718,https://pcpartpicker.com/product/xMnG3C/xigmatek-thermal-paste-freezingpoint,/static/forever/img/no-image.png,4 g,
Cooler Master Extreme Fusion X1,https://pcpartpicker.com/product/jWX2FT/cooler-master-thermal-paste-rgefx1tg15r1,/static/forever/img/no-image.png,4 g,
Prolimatech PK-Zero,https://pcpartpicker.com/product/QTCrxr/prolimatech-thermal-paste-propkzero15g,/static/forever/img/no-image.png,1.5 g,
Prolimatech PK-Zero,https://pcpartpicker.com/product/3K4NnQ/prolimatech-thermal-paste-propkzero30g,https://images-na.ssl-images-amazon.com/images/I/31s11f-w1XL.jpg,1.5 g,
Cooler Master MasterGel Maker,https://pcpartpicker.com/product/f2VBD3/cooler-master-thermal-paste-mgzndsgn15mr1,https://cdna.pcpartpicker.com/static/forever/images/product/d998fda270a6503c1c058fea043d29ce.256p.jpg,30 g,
CRYORIG CP15,https://pcpartpicker.com/product/TXyxFT/cryorig-thermal-paste-cp15,https://cdna.pcpartpicker.com/static/forever/images/product/140e86e015b617fa1e1ffd056e44e73c.256p.jpg,4 g,
CRYORIG CP5,https://pcpartpicker.com/product/zzfmP6/cryorig-thermal-paste-cp5,https://cdna.pcpartpicker.com/static/forever/images/product/82cd59b3ac575eddddbb87dc733cf01f.256p.jpg,4 g,
CRYORIG CP7,https://pcpartpicker.com/product/BNcMnQ/cryorig-thermal-paste-cp7,https://cdna.pcpartpicker.com/static/forever/images/product/6b13f87d70e438ee164f88373ed6337f.256p.jpg,4 g,
Innovation Cooling ICD24,https://pcpartpicker.com/product/Zk98TW/innovation-cooling-thermal-paste-icd24,https://cdna.pcpartpicker.com/static/forever/images/product/49403892750e2bf18d948a7a56f77382.256p.jpg,4 g,
Graphitene GTP-5,https://pcpartpicker.com/product/w8hKHx/graphitene-gtp-5-35-g-thermal-paste-gtp-5,https://images-na.ssl-images-amazon.com/images/I/31wzFwrklNL.jpg,4.8 g,
Cooler Master MasterGel Maker,https://pcpartpicker.com/product/tQ6qqs/cooler-master-mastergel-maker-15-g-thermal-paste-mgz-ndsg-n15m-r2,https://cdna.pcpartpicker.com/static/forever/images/product/cacd9ab9d6cf02358bc0e3349a67cfcb.256p.jpg,3.5 g,
Gelid Solutions GC-2,https://pcpartpicker.com/product/RRbwrH/gelid-solutions-gc-2-7-g-thermal-paste-gc-2,https://cdna.pcpartpicker.com/static/forever/images/product/d6f4893c871e8b276bccdad0180c4523.256p.jpg,1.5 g,
ARCTIC MX-2,https://pcpartpicker.com/product/Rx6qqs/arctic-mx-2-30-g-thermal-paste-actcp00003b,https://cdna.pcpartpicker.com/static/forever/images/product/e3f7c43efb11a98145d33095ce795492.256p.jpg,7 g,
ARCTIC MX-2,https://pcpartpicker.com/product/9dmFf7/arctic-mx-2-65-g-thermal-paste-actcp00006b,https://cdna.pcpartpicker.com/static/forever/images/product/64c36323c92fe037c22152691627d7f4.256p.jpg,30 g,
Cooler Master MasterGel Regular,https://pcpartpicker.com/product/BWtKHx/cooler-master-mastergel-regular-15-g-thermal-paste-matergel-regular,https://cdna.pcpartpicker.com/static/forever/images/product/b0aa0617a02d8118969202ea3574b52d.256p.jpg,65 g,
Thermalright TF8,https://pcpartpicker.com/product/pCwkcf/thermalright-tf8-58-g-thermal-paste-tf8-58g,https://m.media-amazon.com/images/I/41kW1istxhL.jpg,1.5 g,
Thermalright Silver King,https://pcpartpicker.com/product/prqBD3/thermalright-silver-king-1-g-thermal-paste-sk1g,/static/forever/img/no-image.png,5.8 g,
ARCTIC MX-2 2019 Edition,https://pcpartpicker.com/product/bfFKHx/arctic-mx-2-2019-edition-4-g-thermal-paste-actcp00005b,https://cdna.pcpartpicker.com/static/forever/images/product/d8c79ef845bae9dd44a40cdfc56a33a9.256p.jpg,1 g,
NOX Thermal 880,https://pcpartpicker.com/product/Gj3mP6/nox-thermal-880-23-g-thermal-paste-nxhummert880,https://cdna.pcpartpicker.com/static/forever/images/product/edee95fd99799de6127756e21e75642c.256p.jpg,4 g,
ARCTIC MX-5,https://pcpartpicker.com/product/bXvdnQ/arctic-mx-5-2-g-thermal-paste-actcp00051a,https://m.media-amazon.com/images/I/31o96p6kgGL.jpg,23 g,
ARCTIC MX-5 Incl. Spatula,https://pcpartpicker.com/product/WDxRsY/arctic-mx-5-incl-spatula-2-g-thermal-paste-actcp00052a,https://m.media-amazon.com/images/I/31v-nvlnE+L.jpg,2 g,
ARCTIC MX-5,https://pcpartpicker.com/product/zYH7YJ/arctic-mx-5-8-g-thermal-paste-actcp00055a,https://m.media-amazon.com/images/I/31P9r6ep8YL.jpg,2 g,
ARCTIC MX-5 Incl. Spatula,https://pcpartpicker.com/product/Bb8bt6/arctic-mx-5-incl-spatula-8-g-thermal-paste-actcp00056a,https://m.media-amazon.com/images/I/41jHQ3R7ILL.jpg,8 g,
ARCTIC MX-5 Incl. Spatula,https://pcpartpicker.com/product/ZRkWGX/arctic-mx-5-incl-spatula-20-g-thermal-paste-actcp00058a,https://m.media-amazon.com/images/I/31fdZZaH5oL.jpg,8 g,
Iceberg Thermal FUZEIce,https://pcpartpicker.com/product/Ksstt6/iceberg-thermal-fuzeice-35-g-thermal-paste-blackice4g-00a,https://cdna.pcpartpicker.com/static/forever/images/product/e0a1637aa7d094eb6ed4e68dabe66d78.256p.jpg,20 g,
Iceberg Thermal FUZEIce,https://pcpartpicker.com/product/QKGbt6/iceberg-thermal-fuzeice-7-g-thermal-paste-blackice8g-00a,https://cdna.pcpartpicker.com/static/forever/images/product/5b13504b345dc23b0644475e4c361e40.256p.jpg,3.5 g,
Iceberg Thermal FUZEIce Plus,https://pcpartpicker.com/product/FCt9TW/iceberg-thermal-fuzeice-plus-35-g-thermal-paste-blackicep4g-00a,https://cdna.pcpartpicker.com/static/forever/images/product/1cd0c5d7e64d4884f792322dfa165030.256p.jpg,7 g,
Gelid Solutions GC-4,https://pcpartpicker.com/product/DmLdnQ/gelid-solutions-gc-4-35-g-thermal-paste-tc-gc-04-b,https://cdna.pcpartpicker.com/static/forever/images/product/3afc99385af15c20e779085045f2ba29.256p.jpg,3.5 g,
Gelid Solutions GC-Extreme,https://pcpartpicker.com/product/cyFmP6/gelid-solutions-gc-extreme-1-g-thermal-paste-tc-gc-03-d,https://cdna.pcpartpicker.com/static/forever/images/product/284ff1b5a47462a6989f988d3c30b968.256p.jpg,3.5 g,
Gelid Solutions GC-Extreme,https://pcpartpicker.com/product/svRwrH/gelid-solutions-gc-extreme-35-g-thermal-paste-tc-gc-03-a-3-5g,/static/forever/img/no-image.png,1 g,
ARCTIC MX-2,https://pcpartpicker.com/product/2JJmP6/arctic-mx-2-8-g-thermal-paste-actcp00004b,https://cdna.pcpartpicker.com/static/forever/images/product/96ad135c464ef1b930ef98afa06855e6.256p.jpg,3.5 g,
ARCTIC MX-4 (2019),https://pcpartpicker.com/product/khQcCJ/arctic-mx-4-2019-2-g-thermal-paste-actcp00007b,https://m.media-amazon.com/images/I/31-isc+IYYL.jpg,8 g,
Deepcool DP-TIM-Z10-1,https://pcpartpicker.com/product/mqkH99/deepcool-dp-tim-z10-1-5-g-thermal-paste-dp-tim-z10-1,https://cdna.pcpartpicker.com/static/forever/images/product/23100ae556c87430928f532d4f90542d.256p.jpg,2 g,
Deepcool EX750,https://pcpartpicker.com/product/VfBG3C/deepcool-ex750-3-g-thermal-paste-ex7503g,/static/forever/img/no-image.png,5 g,
Deepcool EX750,https://pcpartpicker.com/product/m2C48d/deepcool-ex750-5-g-thermal-paste-ex7505g,/static/forever/img/no-image.png,3 g,
Enermax ETC521,https://pcpartpicker.com/product/3QXYcf/enermax-etc521-3-g-thermal-paste-etc521,https://cdna.pcpartpicker.com/static/forever/images/product/37ceedb39269289bc5fd1983b081ad35.256p.jpg,5 g,
YEYIAN YCT-PHTC-01,https://pcpartpicker.com/product/fDsV3C/yeyian-yct-phtc-01-2-g-thermal-paste-yct-phtc-01,/static/forever/img/no-image.png,3 g,
Thermalright TF8 EX,https://pcpartpicker.com/product/8NmNnQ/thermalright-tf8-ex-15-g-thermal-paste-tf8-ex-15g,/static/forever/img/no-image.png,2 g,
Thermalright TF8 EX,https://pcpartpicker.com/product/x3DQzy/thermalright-tf8-ex-29-g-thermal-paste-tf8-ex-29g,/static/forever/img/no-image.png,1.5 g,
Zalman STC8,https://pcpartpicker.com/product/PVKscf/zalman-stc8-15-g-thermal-paste-zm-stc8,https://m.media-amazon.com/images/I/312oOBHd5jL.jpg,2.9 g,
Thermal Hero NEO,https://pcpartpicker.com/product/LDnXsY/thermal-hero-neo-2-g-thermal-paste-th-201202-us,/static/forever/img/no-image.png,1.5 g,
Thermal Hero ULTRA,https://pcpartpicker.com/product/Cy8Pxr/thermal-hero-ultra-2-g-thermal-paste-th-301302-us,/static/forever/img/no-image.png,2 g,
Thermal Hero QUANTUM,https://pcpartpicker.com/product/JVfV3C/thermal-hero-quantum-2-g-thermal-paste-th-501702-us,https://m.media-amazon.com/images/I/21m8SfubICL.jpg,2 g,9.80
Thermal Hero QUANTUM with paste gun,https://pcpartpicker.com/product/hqNscf/thermal-hero-quantum-with-paste-gun-50-g-thermal-paste-th-501750g-us,/static/forever/img/no-image.png,2 g,8.27
