Name,URL,Image,Mode,Maximum Supported Memory,Price
Microsoft Windows 11 Home OEM - DVD 64-bit,https://pcpartpicker.com/product/dKkWGX/microsoft-windows-11-home-oem-dvd-64-bit-kw9-00633,https://cdna.pcpartpicker.com/static/forever/images/product/ab7d4d98513e78fab6b0ca42894bda65.256p.jpg,64-bit,128 GB,119.99
Microsoft Windows 11 Pro OEM - DVD 64-bit,https://pcpartpicker.com/product/yjbTwP/microsoft-windows-11-pro-oem-dvd-64-bit-fqc-10529,https://cdna.pcpartpicker.com/static/forever/images/product/b06dd204711f15e712f892efcb1dd3df.256p.jpg,64-bit,2048 GB,146.76
Microsoft Windows 11 Home Retail - USB 64-bit,https://pcpartpicker.com/product/hMYmP6/microsoft-windows-11-home-retail-usb-64-bit-haj-00108,https://cdna.pcpartpicker.com/static/forever/images/product/ed2349ecd618439a2aa96364e9445138.256p.jpg,64-bit,128 GB,129.99
Microsoft Windows 11 Pro Retail - Download 64-bit,https://pcpartpicker.com/product/VCTp99/microsoft-windows-11-pro-retail-download-64-bit-fqc-10572,https://cdna.pcpartpicker.com/static/forever/images/product/5975493ee399fce8bc8df92e7acfbbe2.256p.jpg,64-bit,2048 GB,199.98
Microsoft Windows 11 Pro Retail - USB 64-bit,https://pcpartpicker.com/product/HxKKHx/microsoft-windows-11-pro-retail-usb-64-bit-hav-00162,https://cdna.pcpartpicker.com/static/forever/images/product/78f43eb1b5266ea1ad87edc95cb23ba1.256p.jpg,64-bit,2048 GB,188.99
Microsoft Windows 11 Home Retail - Download 64-bit,https://pcpartpicker.com/product/7ZpzK8/microsoft-windows-11-home-retail-download-64-bit-kw9-00664,https://cdna.pcpartpicker.com/static/forever/images/product/32b6fc00152158658990b62c8ab1e0d8.256p.jpg,64-bit,128 GB,119.99
Microsoft Windows 10 Home OEM - DVD 64-bit,https://pcpartpicker.com/product/wtgPxr/microsoft-windows-10-home-oem-dvd-64-bit-kw9-00140,https://cdna.pcpartpicker.com/static/forever/images/product/f5e3c78aadf16d536c31b0fa088c8306.256p.jpg,64-bit,128 GB,
Microsoft Windows 10 Pro Retail - USB 32/64-bit,https://pcpartpicker.com/product/M9GnTW/microsoft-windows-10-pro-retail-usb-3264-bit-hav-00059,https://cdna.pcpartpicker.com/static/forever/images/product/ec4467a1717895ddeee70be93f95e058.256p.jpg,32/64-bit,2048 GB,
Microsoft Windows 10 Home Retail - Download 32/64-bit,https://pcpartpicker.com/product/Mk648d/microsoft-windows-10-home-retail-download-3264-bit-kw9-00265,https://cdna.pcpartpicker.com/static/forever/images/product/4d7dbe8a84feb68bfcc7c867b56f9bf6.256p.jpg,32/64-bit,128 GB,139.99
Microsoft Windows 10 Home Retail - USB 32/64-bit,https://pcpartpicker.com/product/wskwrH/microsoft-windows-10-home-retail-usb-3264-bit-kw9-00016,https://cdna.pcpartpicker.com/static/forever/images/product/bd996c469da3cf1008cd9efc48a1f660.256p.jpg,32/64-bit,128 GB,
Microsoft Windows 10 Pro OEM - DVD 64-bit,https://pcpartpicker.com/product/MfH48d/microsoft-windows-10-pro-oem-dvd-64-bit-fqc-08930,https://cdna.pcpartpicker.com/static/forever/images/product/e2020af0d40a275d81e0eec3386efa7e.256p.jpg,64-bit,2048 GB,
Microsoft Windows 7 Home Premium Full 32/64-bit,https://pcpartpicker.com/product/nDR48d/microsoft-os-gfc00019,https://m.media-amazon.com/images/I/419-LjC5iFL.jpg,32/64-bit,16 GB,
Microsoft Windows 10 Pro French CDN - Retail - DVD 64-bit,https://pcpartpicker.com/product/C2VBD3/microsoft-windows-10-pro-french-cdn-retail-dvd-64-bit-fqc-08921,https://cdna.pcpartpicker.com/static/forever/images/product/eada175679f407c6c400d6206d19b9e4.256p.jpg,64-bit,2048 GB,
Microsoft Windows 10 Pro Retail - Download 32/64-bit,https://pcpartpicker.com/product/CYH48d/microsoft-windows-10-pro-retail-download-3264-bit-fqc-09131,https://cdna.pcpartpicker.com/static/forever/images/product/b3f9d836d33c6a83e4f4e89405eb8b12.256p.jpg,32/64-bit,2048 GB,
Microsoft Windows 10 Home Retail - USB 32/64-bit,https://pcpartpicker.com/product/G9GnTW/microsoft-windows-10-home-retail-usb-3264-bit-haj-00052,https://cdna.pcpartpicker.com/static/forever/images/product/d27dd8746891b293b60edde8f4316241.256p.jpg,32/64-bit,128 GB,
Microsoft Windows 8.1 32/64-bit,https://pcpartpicker.com/product/YWxfrH/microsoft-os-wn700578,/static/forever/img/no-image.png,32/64-bit,128 GB,
Microsoft Windows 10 Home OEM - DVD 64-bit,https://pcpartpicker.com/product/96RFf7/microsoft-windows-10-home-oem-dvd-64-bit-kw9-00139,https://cdna.pcpartpicker.com/static/forever/images/product/c9b365727400c92a7ffcb533826dd224.256p.jpg,64-bit,128 GB,
Microsoft Windows 10 Pro Retail - USB 32/64-bit,https://pcpartpicker.com/product/DWbkcf/microsoft-windows-10-pro-retail-usb-3264-bit-fqc-08788,https://cdna.pcpartpicker.com/static/forever/images/product/5fdc986e971c592186787b9acd06f380.256p.jpg,32/64-bit,2048 GB,
Microsoft Windows 10 Home French - USB 32/64-bit,https://pcpartpicker.com/product/cZZ2FT/microsoft-windows-10-home-french-usb-3264-bit-kw9-00239,https://m.media-amazon.com/images/I/315N2TReQfL.jpg,32/64-bit,128 GB,
Microsoft Windows 10 Pro Retail - USB 32/64-bit,https://pcpartpicker.com/product/BKKhP6/microsoft-windows-10-pro-retail-usb-3264-bit-fqc-08789,https://cdna.pcpartpicker.com/static/forever/images/product/e61db9f11b1551d54cc2635bc9bdbd32.256p.jpg,32/64-bit,2048 GB,
Microsoft Windows 10 Home French OEM - DVD 64-bit,https://pcpartpicker.com/product/ymkwrH/microsoft-windows-10-home-french-oem-dvd-64-bit-kw9-00145,https://m.media-amazon.com/images/I/31RfD-RTmDL.jpg,64-bit,128 GB,
Microsoft Windows 10 Pro OEM - DVD 32-bit,https://pcpartpicker.com/product/LWDzK8/microsoft-windows-10-pro-oem-dvd-32-bit-fqc-08970,https://cdna.pcpartpicker.com/static/forever/images/product/e2020af0d40a275d81e0eec3386efa7e.256p.jpg,32-bit,4 GB,
Microsoft Windows 10 Home OEM - DVD 32-bit,https://pcpartpicker.com/product/NJ8H99/microsoft-windows-10-home-oem-dvd-32-bit-kw9-00186,https://cdna.pcpartpicker.com/static/forever/images/product/f5e3c78aadf16d536c31b0fa088c8306.256p.jpg,32-bit,4 GB,
Microsoft Windows 7 Professional SP1 OEM 64-bit,https://pcpartpicker.com/product/fbPfrH/microsoft-os-fqc04649,https://cdna.pcpartpicker.com/static/forever/images/product/f220049124bc9df50bd397b9384ec20c.256p.jpg,64-bit,192 GB,
Microsoft Windows 7 Professional Full 32/64-bit,https://pcpartpicker.com/product/LQH323/microsoft-os-fqc00129,https://m.media-amazon.com/images/I/41UCO5YLmcL.jpg,32/64-bit,192 GB,
Microsoft Windows 8 Pro OEM 32-bit,https://pcpartpicker.com/product/dCH323/microsoft-os-fqc05920,https://images-na.ssl-images-amazon.com/images/I/41L14rj2ATL.jpg,32-bit,4 GB,
Microsoft Windows 7 Ultimate SP1 3-Pack 32-bit,https://pcpartpicker.com/product/vrbp99/microsoft-os-glc01878,https://cdna.pcpartpicker.com/static/forever/images/product/3003cd5f32d4f568007e5307d0e9c736.med.256p.jpg,32-bit,4 GB,
Microsoft Windows 7 Ultimate 64-bit,https://pcpartpicker.com/product/nCyxFT/microsoft-os-885370721416,https://images-eu.ssl-images-amazon.com/images/I/51vimHSl%2BYL.jpg,64-bit,192 GB,
Microsoft Windows 7 Home Premium SP1 OEM 64-bit,https://pcpartpicker.com/product/BVvRsY/microsoft-os-gfc02050,/static/forever/img/no-image.png,64-bit,16 GB,
Microsoft Windows 7 Home Premium SP1 OEM 3-Pack 32-bit,https://pcpartpicker.com/product/6HmLrH/microsoft-os-gfc02126,https://images-na.ssl-images-amazon.com/images/I/41AQLfudVpL.jpg,32-bit,4 GB,
Microsoft Windows 7 Professional SP1 OEM 32-bit,https://pcpartpicker.com/product/bMW9TW/microsoft-os-fqc04617,https://m.media-amazon.com/images/I/51s0RBcg2PL.jpg,32-bit,4 GB,
Microsoft Windows 7 Pro SP1 DE 64-bit,https://pcpartpicker.com/product/4jcMnQ/microsoft-os-885370720693,https://m.media-amazon.com/images/I/413caZHST5L.jpg,64-bit,192 GB,
Microsoft Windows 8.1 Pro OEM 64-bit,https://pcpartpicker.com/product/4N3RsY/microsoft-os-fqc06950,https://m.media-amazon.com/images/I/21SFT3UOYvL.jpg,64-bit,512 GB,
Microsoft Windows 7 Ultimate SP1 OEM 32-bit,https://pcpartpicker.com/product/rFDwrH/microsoft-os-glc01809,https://m.media-amazon.com/images/I/41fDF1IPbeL.jpg,32-bit,4 GB,
Microsoft Windows 7 Ultimate SP1 OEM 64-bit,https://pcpartpicker.com/product/dRmLrH/microsoft-os-glc01844,/static/forever/img/no-image.png,64-bit,192 GB,
Microsoft Windows 7 Professional SP1 OEM 3-Pack 32-bit,https://pcpartpicker.com/product/jFDwrH/microsoft-os-fqc04696,https://cdna.pcpartpicker.com/static/forever/images/product/1c2249703bfaea966155511397bdd983.med.256p.jpg,32-bit,4 GB,
Microsoft Windows 7 Home Premium SP1 32-bit,https://pcpartpicker.com/product/2yn2FT/microsoft-os-gfc02021,/static/forever/img/no-image.png,32-bit,4 GB,
Microsoft Windows 7 Home Premium SP1 64-bit,https://pcpartpicker.com/product/z9Wrxr/microsoft-os-885370721041,https://images-na.ssl-images-amazon.com/images/I/5172pymmutL.jpg,64-bit,16 GB,
Microsoft Windows 7 Ultimate SP1 OEM 3-Pack 64-bit,https://pcpartpicker.com/product/Tyn2FT/microsoft-os-glc01909,https://cdna.pcpartpicker.com/static/forever/images/product/e872ac1f982b04dd4398fac6739b7d15.med.256p.jpg,64-bit,192 GB,
Microsoft Windows 8 OEM 64-bit,https://pcpartpicker.com/product/2Zh9TW/microsoft-os-wn700403,https://m.media-amazon.com/images/I/314B6isH8vL.jpg,64-bit,128 GB,
Microsoft Windows 7 Ultimate Full 32/64-bit,https://pcpartpicker.com/product/DWQypg/microsoft-os-glc00182,/static/forever/img/no-image.png,32/64-bit,192 GB,
Microsoft Windows 7 Professional SP1 OEM 3-Pack 64-bit,https://pcpartpicker.com/product/zDR48d/microsoft-os-fqc04725,https://cdna.pcpartpicker.com/static/forever/images/product/b3c2019870f45db0251ad4df75bf9d5e.med.256p.jpg,64-bit,192 GB,
Microsoft Windows 7 Professional SP1 30-Pack 32-bit,https://pcpartpicker.com/product/sJLypg/microsoft-os-fqc04765,/static/forever/img/no-image.png,32-bit,4 GB,
Microsoft Windows 7 Pro SP1 DE OEM 64-bit,https://pcpartpicker.com/product/B9Wrxr/microsoft-os-885370258851,https://m.media-amazon.com/images/I/413caZHST5L.jpg,64-bit,192 GB,
Microsoft Windows 7 Home Premium SP1 OEM 3-Pack 64-bit,https://pcpartpicker.com/product/Whzv6h/microsoft-os-gfc02153,/static/forever/img/no-image.png,64-bit,16 GB,
Microsoft Windows 8.1 OEM 64-bit,https://pcpartpicker.com/product/TrTmP6/microsoft-os-wn700615,https://cdna.pcpartpicker.com/static/forever/images/product/5a39ffc547602867d27f6c16bec78c7d.256p.jpg,64-bit,128 GB,
Microsoft Windows 8 Pro OEM 64-bit,https://pcpartpicker.com/product/WjmLrH/microsoft-os-fqc05955,https://m.media-amazon.com/images/I/21JiyPPFJiL.jpg,64-bit,512 GB,
Microsoft Windows 8 OEM 32-bit,https://pcpartpicker.com/product/P6JwrH/microsoft-os-wn700368,/static/forever/img/no-image.png,32-bit,4 GB,
Microsoft Windows 8 OEM 32-bit,https://pcpartpicker.com/product/bGyFf7/microsoft-os-wn700367,/static/forever/img/no-image.png,32-bit,4 GB,
Microsoft Windows 8.1 Pro 32/64-bit,https://pcpartpicker.com/product/nGK7YJ/microsoft-os-fqc06913,https://m.media-amazon.com/images/I/41dwg0qLSNL.jpg,32/64-bit,512 GB,
Microsoft Windows 8.1 Pro DE OEM 64-bit,https://pcpartpicker.com/product/jhqbt6/microsoft-os-885370634921,/static/forever/img/no-image.png,64-bit,512 GB,
Microsoft Windows 8 Pro OEM 64-bit,https://pcpartpicker.com/product/vKvRsY/microsoft-os-fqc05956,https://cdna.pcpartpicker.com/static/forever/images/product/c05fa2ba70929dafb4bd4543d1748be7.med.256p.jpg,64-bit,512 GB,
Microsoft Windows 8 Pro OEM 32-bit,https://pcpartpicker.com/product/6PPfrH/microsoft-os-fqc05919,https://m.media-amazon.com/images/I/31hBmG-kRwL.jpg,32-bit,4 GB,
Microsoft Windows 8.1 Pro OEM 64-bit,https://pcpartpicker.com/product/LFzv6h/microsoft-os-885370635003,https://m.media-amazon.com/images/I/21SFT3UOYvL.jpg,64-bit,512 GB,
Microsoft Windows 8.1 OEM 32-bit,https://pcpartpicker.com/product/NxXfrH/microsoft-os-885370637359,https://m.media-amazon.com/images/I/31nrWtWC-bL.jpg,32-bit,4 GB,
Microsoft Windows 8 Pro DE OEM 64-bit,https://pcpartpicker.com/product/TD8H99/microsoft-os-885370414851,https://images-eu.ssl-images-amazon.com/images/I/51f1FWInfnL.jpg,64-bit,512 GB,
Microsoft Windows 8 OEM 64-bit,https://pcpartpicker.com/product/JxphP6/microsoft-os-wn700404,https://cdna.pcpartpicker.com/static/forever/images/product/5df8490428ae1768981606e3ea4bcd67.med.256p.jpg,64-bit,128 GB,
Microsoft Windows 8.1 Pro OEM 32-bit,https://pcpartpicker.com/product/fmYXsY/microsoft-os-fqc06988,https://cdna.pcpartpicker.com/static/forever/images/product/5b4140a6936fd26db3d11662b94fdcf3.256p.jpg,32-bit,4 GB,
Microsoft Windows 8.1 OEM 32-bit,https://pcpartpicker.com/product/Z2H323/microsoft-os-wn700659,https://cdna.pcpartpicker.com/static/forever/images/product/5a39ffc547602867d27f6c16bec78c7d.256p.jpg,32-bit,4 GB,
Microsoft Windows 8.1 OEM 64-bit,https://pcpartpicker.com/product/fnckcf/microsoft-os-885370635690,https://cdna.pcpartpicker.com/static/forever/images/product/4d83c695888ffbe0ccab58f301ff59f5.256p.jpg,64-bit,128 GB,
Microsoft Windows 8.1 Pro OEM 32-bit,https://pcpartpicker.com/product/nyJwrH/microsoft-os-885370636390,https://cdna.pcpartpicker.com/static/forever/images/product/a0356b61ea23a931bbd8ce3a3f61c190.256p.jpg,32-bit,4 GB,
Microsoft Windows 8.1 DE OEM 64-bit,https://pcpartpicker.com/product/LYrcCJ/microsoft-os-885370635737,/static/forever/img/no-image.png,64-bit,128 GB,
