Name,URL,Image,Channels,Digital Audio,SNR,Sample Rate,Chipset,Interface,Price
Creative Labs Sound BlasterX AE-5 Plus,https://pcpartpicker.com/product/77VBD3/creative-labs-sound-blasterx-ae-5-plus-32-bit-384-khz-sound-card-70sb174000003,https://cdna.pcpartpicker.com/static/forever/images/product/6b7658e696cb51349bcc73ea46059669.256p.jpg,5.1,32-bit,122 dB,384 kHz,Sound Core3D,PCIe x1,161.49
Creative Labs ZXR,https://pcpartpicker.com/product/BVxfrH/creative-labs-sound-card-70sb151000000,https://m.media-amazon.com/images/I/41jvGsmUAML.jpg,5.1,24-bit,124 dB,192 kHz,,PCIe x1,518.88
Creative Labs Sound Blaster AE-9,https://pcpartpicker.com/product/btK2FT/creative-labs-sound-blaster-ae-9-32-bit-384-khz-sound-card-70sb178000000,https://cdna.pcpartpicker.com/static/forever/images/product/3f127cbdd92c06b33328f8b1e9ae2740.256p.jpg,5.1,32-bit,129 dB,384 kHz,Sound Core3D,PCIe x1,427.49
Creative Labs Sound Blaster Audigy Fx V2,https://pcpartpicker.com/product/wVM48d/creative-labs-sound-blaster-audigy-fx-v2-24-bit-192-khz-sound-card-70sb187000000,https://cdna.pcpartpicker.com/static/forever/images/product/3a67bc25f6a1a9c0a102ab27b8d0eec2.256p.jpg,5.1,24-bit,120 dB,192 kHz,,PCIe x1,56.99
Creative Labs Sound Blaster Z SE,https://pcpartpicker.com/product/H97G3C/creative-labs-sound-blaster-z-se-24-bit-192-khz-sound-card-70sb150000004,https://cdna.pcpartpicker.com/static/forever/images/product/671e129ab2b2a84930e765dcf6d60fe7.256p.jpg,5.1,24-bit,116 dB,192 kHz,Sound Core3D,PCIe x1,99.00
Creative Labs Sound Blaster AE-7,https://pcpartpicker.com/product/nNNgXL/creative-labs-sound-blaster-ae-7-32-bit-384-khz-sound-card-sb1800,https://cdna.pcpartpicker.com/static/forever/images/product/3bc971273a6158eaffb924e541e55f91.256p.jpg,5.1,32-bit,127 dB,384 kHz,Sound Core3D,PCIe x1,216.99
Asus STRIX SOAR,https://pcpartpicker.com/product/LmkwrH/asus-sound-card-strixsoar,https://cdna.pcpartpicker.com/static/forever/images/product/f60cfa38268cb87ff4a377931f682c77.256p.jpg,7.1,24-bit,116 dB,192 kHz,,PCIe x1,128.39
Creative Labs Sound Blaster Audigy Rx,https://pcpartpicker.com/product/LXxfrH/creative-labs-sound-blaster-audigy-rx-24-bit-192-khz-sound-card-70sb155000001,https://cdna.pcpartpicker.com/static/forever/images/product/2ac66de878c9627fb10cc0c67a680b57.256p.jpg,7.1,24-bit,106 dB,192 kHz,Creative E-MU,PCIe x1,
Asus Xonar SE,https://pcpartpicker.com/product/HDHRsY/asus-xonar-se-24-bit-192-khz-sound-card-xonar-se,https://cdna.pcpartpicker.com/static/forever/images/product/44d27c13de46b5eb697cfd598740f3a2.256p.jpg,5.1,24-bit,120 dB,192 kHz,,PCIe x1,
Asus Essence STX II 7.1,https://pcpartpicker.com/product/8Pbp99/asus-sound-card-essencestxii71,https://m.media-amazon.com/images/I/416nbd6AxaL.jpg,7.1,24-bit,124 dB,192 kHz,ASUS AV100,PCIe x1,
Asus STRIX RAID PRO,https://pcpartpicker.com/product/92mxFT/asus-strix-raid-pro-24-bit-192-khz-sound-card-strix-raid-pro,https://m.media-amazon.com/images/I/41-htz2wcdL.jpg,7.1,24-bit,116 dB,192 kHz,,PCIe x1,
Asus Xonar Essence STX,https://pcpartpicker.com/product/WCTmP6/asus-sound-card-xonaressencestx,https://m.media-amazon.com/images/I/41hJPvQFHoL.jpg,7.1,24-bit,124 dB,192 kHz,ASUS AV100,PCIe x1,
Creative Labs Sound BlasterX AE-5 Plus Pure,https://pcpartpicker.com/product/sJ6p99/creative-labs-sound-blasterx-ae-5-plus-pure-32-bit-384-khz-sound-card-70sb174000004,https://m.media-amazon.com/images/I/31LGtbJ0t2L.jpg,5.1,32-bit,122 dB,384 kHz,Sound Core3D,PCIe x1,
Asus STRIX RAID DLX,https://pcpartpicker.com/product/4sL7YJ/asus-sound-card-strixraiddlx,https://cdna.pcpartpicker.com/static/forever/images/product/771b65ae71626caf3c50d6e0698cfc30.256p.jpg,7.1,24-bit,124 dB,192 kHz,,PCIe x1,
Asus Xonar AE,https://pcpartpicker.com/product/pngzK8/asus-xonar-ae-24-bit-192-khz-sound-card-90ya00p0-m0ua00,https://cdna.pcpartpicker.com/static/forever/images/product/974fe1baf579715ee071900b1c3864ff.256p.jpg,7.1,24-bit,110 dB,192 kHz,,PCIe x1,
Creative Labs Sound Blaster Zx,https://pcpartpicker.com/product/3nxfrH/creative-labs-sound-blaster-zx-24-bit-192-khz-sound-card-70sb150600000,/static/forever/img/no-image.png,5.1,24-bit,116 dB,192 kHz,,PCIe x1,
Creative Labs Sound Blaster X-Fi Titanium HD,https://pcpartpicker.com/product/2nzv6h/creative-labs-sound-card-70sb127000002,https://images-na.ssl-images-amazon.com/images/I/51PDmyUYAHL.jpg,7.1,24-bit,122 dB,96 kHz,X-Fi,PCIe x1,
Asus Essence STX II,https://pcpartpicker.com/product/2rH48d/asus-essence-stx-ii-24-bit-192-khz-sound-card-essencestxii,https://cdna.pcpartpicker.com/static/forever/images/product/6ab2119d580c39340adadd1441ede095.256p.jpg,2.0,24-bit,124 dB,192 kHz,ASUS AV100,PCIe x1,
EVGA NU AUDIO PRO,https://pcpartpicker.com/product/Hy9tt6/evga-nu-audio-pro-32-bit-384-khz-sound-card-712-p1-an11-kr,https://cdna.pcpartpicker.com/static/forever/images/product/e391f1d7e06e84b33a82e559c144e1f5.256p.jpg,2.0,32-bit,123 dB,384 kHz,,PCIe x1,
Creative Labs Sound BlasterX AE-5 Pure,https://pcpartpicker.com/product/ccJgXL/creative-labs-sound-blasterx-ae-5-pure-32-bit-384-khz-sound-card-70sb174000001,https://m.media-amazon.com/images/I/31NjUBDkbWL.jpg,5.1,32-bit,122 dB,384 kHz,Sound Core3D,PCIe x1,
Creative Labs Sound Blaster Audigy Fx,https://pcpartpicker.com/product/yTvRsY/creative-labs-sound-blaster-audigy-fx-24-bit-192-khz-sound-card-30sb157000001,https://cdna.pcpartpicker.com/static/forever/images/product/b4946156e65ec36ee43442b1be7c4d25.256p.jpg,5.1,24-bit,106 dB,192 kHz,,PCIe x1,
Creative Labs 70SB157000000,https://pcpartpicker.com/product/Tz2kcf/creative-labs-sound-card-70sb157000000,https://cdna.pcpartpicker.com/static/forever/images/product/ad92118b4c80e93bddee4297f507213f.256p.jpg,5.1,,106 dB,,,PCIe x1,
Creative Labs Sound BlasterX AE-5,https://pcpartpicker.com/product/CyjBD3/creative-labs-sound-blasterx-ae-5-32-bit-384-khz-sound-card-70sb174000000,https://m.media-amazon.com/images/I/319O9xS0NUL.jpg,5.1,32-bit,122 dB,384 kHz,Sound Core3D,PCIe x1,
Asus Xonar DGX,https://pcpartpicker.com/product/zRckcf/asus-sound-card-xonardgx,https://cdna.pcpartpicker.com/static/forever/images/product/4da5bda7fde70caba20f22e7803675bc.256p.jpg,5.1,24-bit,105 dB,96 kHz,C-Media CMI8786,PCIe x1,
EVGA NU,https://pcpartpicker.com/product/6fQG3C/evga-nu-24-bit-192-khz-sound-card-712-p1-an01-kr,https://cdna.pcpartpicker.com/static/forever/images/product/0128d820d36b1c94ef43efb973e48836.256p.jpg,5.1,24-bit,123 dB,192 kHz,,PCIe x1,
Creative Labs Sound Blaster Z w/Shield,https://pcpartpicker.com/product/HnxfrH/creative-labs-sound-blaster-z-wshield-24-bit-192-khz-sound-card-70sb150000000,https://m.media-amazon.com/images/I/51YGSCsdSNL.jpg,5.1,24-bit,116 dB,192 kHz,Sound Core3D,PCIe x1,
Asus Xonar DG,https://pcpartpicker.com/product/HLGkcf/asus-sound-card-xonardg,https://cdna.pcpartpicker.com/static/forever/images/product/049578956aac1a19ab8e7ce994f9d8fc.256p.jpg,5.1,24-bit,105 dB,96 kHz,C-Media CMI8786,PCI,
Asus Xonar DSX,https://pcpartpicker.com/product/NjTmP6/asus-sound-card-xonardsx,https://cdna.pcpartpicker.com/static/forever/images/product/168f243535e994ded84c4a50a3a7338c.256p.jpg,7.1,24-bit,107 dB,192 kHz,ASUS AV66,PCIe x1,
Asus Xonar DX,https://pcpartpicker.com/product/9p6BD3/asus-sound-card-xonardx,https://cdna.pcpartpicker.com/static/forever/images/product/e786d6797f84c4514334f267794381dd.256p.jpg,7.1,24-bit,116 dB,192 kHz,ASUS AV100,PCIe x1,
Creative Labs Sound Blaster Audigy2 ZS,https://pcpartpicker.com/product/sbsmP6/creative-labs-sound-blaster-audigy2-zs-24-bit-192-khz-sound-card-sb0350,/static/forever/img/no-image.png,5.1,24-bit,,192 kHz,Audigy2,PCI,
HT Omega eClaro,https://pcpartpicker.com/product/7Hckcf/ht-omega-sound-card-eclaro,https://cdna.pcpartpicker.com/static/forever/images/product/7a24007a56338f471183085868459022.256p.jpg,7.1,24-bit,,192 kHz,C-Media CMI8788,PCIe x1,
StarTech PCISOUND4LP,https://pcpartpicker.com/product/rX8Zxr/startech-sound-card-pcisound4lp,https://m.media-amazon.com/images/I/41XsSHJq5mL.jpg,4.0,16-bit,,48 kHz,C-Media CMI8738,PCI,163.16
Asus Xonar Phoebus,https://pcpartpicker.com/product/QNtCmG/asus-sound-card-xonarphoebus,https://cdna.pcpartpicker.com/static/forever/images/product/ddd086034ba45c40449cc08ad71741f8.256p.jpg,7.1,24-bit,118 dB,96 kHz,C-Media CMI8888DHT,PCIe x1,
Creative Labs Sound Blaster X-Fi,https://pcpartpicker.com/product/Dnyqqs/creative-labs-sound-blaster-x-fi-24-bit-192-khz-sound-card-sb0670,https://cdna.pcpartpicker.com/static/forever/images/product/6338680b5e161a81a478d125f17076f7.256p.jpg,7.1,24-bit,109 dB,192 kHz,,PCI,
Creative Labs Sound Blaster Audigy SE,https://pcpartpicker.com/product/cPCwrH/creative-labs-sound-blaster-audigy-se-24-bit-96-khz-sound-card-70sb057000001,https://images-na.ssl-images-amazon.com/images/I/51eTqe105eL.jpg,7.1,24-bit,,96 kHz,Audigy SE,PCI,
Creative Labs Recon3D Fatal1ty Professional,https://pcpartpicker.com/product/R69KHx/creative-labs-sound-card-70sb135600000,https://cdna.pcpartpicker.com/static/forever/images/product/b5b77cdf46ec2628800cd60a82fc76ae.med.256p.jpg,5.1,24-bit,102 dB,96 kHz,Sound Core3D,PCIe x1,
Creative Labs Sound Blaster X-Fi Xtreme Audio,https://pcpartpicker.com/product/fjTmP6/creative-labs-sound-card-sb1042vp,https://m.media-amazon.com/images/I/619BXNbg+tL.jpg,7.1,24-bit,100 dB,96 kHz,,PCIe x1,
Creative Labs Sound Blaster Z OEM,https://pcpartpicker.com/product/8PR48d/creative-labs-sound-blaster-z-oem-24-bit-192-khz-sound-card-30sb150200000,https://m.media-amazon.com/images/I/413ya7IgdHL.jpg,5.1,24-bit,116 dB,192 kHz,,PCIe x1,
Creative Labs Sound Blaster Z,https://pcpartpicker.com/product/Dmbp99/creative-labs-sound-blaster-z-24-bit-192-khz-sound-card-70sb150200000,/static/forever/img/no-image.png,5.1,24-bit,116 dB,192 kHz,,PCIe x1,
Creative Labs SB X-Fi Xtreme Audio,https://pcpartpicker.com/product/Kb3RsY/creative-labs-sound-card-70sb104000000,https://images-na.ssl-images-amazon.com/images/I/416Y1h-GfKL.jpg,7.1,24-bit,100 dB,96 kHz,,PCIe x1,
SIIG IC-510111-S2,https://pcpartpicker.com/product/ZDYXsY/siig-sound-card-ic510111s2,https://images-na.ssl-images-amazon.com/images/I/41XqM96SkJL.jpg,5.1,24-bit,90 dB,96 kHz,VIA VT1723,PCIe x1,
Syba SD-PEX63034,https://pcpartpicker.com/product/qX8Zxr/syba-sound-card-sdpex63034,https://images-na.ssl-images-amazon.com/images/I/41qU4tW2fNL.jpg,7.1,24-bit,,48 kHz,,PCIe x1,
Creative Labs Recon3D PCIe,https://pcpartpicker.com/product/mvrG3C/creative-labs-sound-card-70sb135000000,https://m.media-amazon.com/images/I/51eOvqlkm0L.jpg,5.1,24-bit,102 dB,96 kHz,Sound Core3D,PCIe x1,
Asus Xonar DS,https://pcpartpicker.com/product/Xp6BD3/asus-sound-card-xonards,https://m.media-amazon.com/images/I/41EmAqftpSL.jpg,7.1,24-bit,107 dB,192 kHz,ASUS AV200,PCI,
Creative Labs 70SB135A00002,https://pcpartpicker.com/product/hZ6BD3/creative-labs-sound-card-70sb135a00002,/static/forever/img/no-image.png,5.1,24-bit,102 dB,96 kHz,Sound Core3D,PCIe x1,
Encore ENM232-6VIA,https://pcpartpicker.com/product/gHckcf/encore-sound-card-enm2326via,https://cdna.pcpartpicker.com/static/forever/images/product/21704dbd994309b24c3fd8b1799bb27d.med.256p.jpg,5.1,24-bit,,96 kHz,VIA VT1723,PCI,
Diamond XtremeSound XS71,https://pcpartpicker.com/product/tqtCmG/diamond-sound-card-xs71,https://m.media-amazon.com/images/I/51f7FzyuTpL.jpg,7.1,16-bit,,96 kHz,,PCI,
M-Audio US41500C,https://pcpartpicker.com/product/j6Gkcf/m-audio-sound-card-audiophile2496,/static/forever/img/no-image.png,2.0,24-bit,104 dB,96 kHz,,PCI,
Rosewill RC-703,https://pcpartpicker.com/product/fWg323/rosewill-sound-card-rc703,/static/forever/img/no-image.png,7.1,,,44.1 kHz,,PCIe x1,
SIIG IC-510012-S2,https://pcpartpicker.com/product/Vyh9TW/siig-sound-card-ic510012s2,https://cdna.pcpartpicker.com/static/forever/images/product/78b5c15aa2d952ca58be56de3625bbfa.256p.jpg,5.1,16-bit,68 dB,,,PCI,
HT Omega FENIX,https://pcpartpicker.com/product/crx9TW/ht-omega-sound-card-fenix,https://cdna.pcpartpicker.com/static/forever/images/product/98d2c8b09833407496405db4d5e72d98.256p.jpg,7.1,24-bit,,192 kHz,,PCIe x1,
PowerColor DEVIL HDX 7.1,https://pcpartpicker.com/product/jP38TW/powercolor-devil-hdx-71-192-khz-sound-card-scm888-dhdx,https://cdna.pcpartpicker.com/static/forever/images/product/76e888b33f109d3f06747fed62c3ff21.256p.jpg,7.1,,124 dB,192 kHz,,PCIe x1,
Creative Labs Sound Blaster X-Fi Xtreme Audio,https://pcpartpicker.com/product/sBCwrH/creative-labs-sound-card-30sb079200000,https://images-na.ssl-images-amazon.com/images/I/416Bxlt0ovL.jpg,7.1,24-bit,108 dB,96 kHz,,PCI,
HT Omega STRIKER,https://pcpartpicker.com/product/yRckcf/ht-omega-sound-card-striker,https://images-na.ssl-images-amazon.com/images/I/51lEWjRGnVL.jpg,7.1,,,,C-Media CMI8770,PCI,
HT Omega CLARO II,https://pcpartpicker.com/product/J2PfrH/ht-omega-sound-card-claroii,https://images-na.ssl-images-amazon.com/images/I/312mHlnT%2BrL.jpg,7.1,24-bit,120 dB,192 kHz,C-Media CMI8788,PCI,
Rosewill RC-701,https://pcpartpicker.com/product/HKw323/rosewill-sound-card-rc701,https://m.media-amazon.com/images/I/41WE0DGMu2L.jpg,5.1,,,,C-Media CMI8738,PCI,
HT Omega Claro Halo XT,https://pcpartpicker.com/product/gNtCmG/ht-omega-sound-card-clarohaloxt,https://images-na.ssl-images-amazon.com/images/I/51OWkzDEE6L.jpg,7.1,24-bit,,192 kHz,C-Media CMI8788,PCI,
Encore ENM232-8VIA,https://pcpartpicker.com/product/CkYXsY/encore-sound-card-enm2328via,https://cdna.pcpartpicker.com/static/forever/images/product/d4f6814b3c6cffd1cc5924c0493bf0a8.256p.jpg,7.1,24-bit,,96 kHz,VIA VT1723,PCI,
HT Omega Claro Halo,https://pcpartpicker.com/product/nrK7YJ/ht-omega-sound-card-clarohalo,https://images-na.ssl-images-amazon.com/images/I/41g%2BDqkeH6L.jpg,5.1,24-bit,,192 kHz,C-Media CMI8788,PCI,
Creative Labs Recon3D Fatal1ty Champion,https://pcpartpicker.com/product/bDYXsY/creative-labs-sound-card-70sb135400000,/static/forever/img/no-image.png,5.1,24-bit,102 dB,96 kHz,Sound Core3D,PCIe x1,
Asus Xonar Essence ST,https://pcpartpicker.com/product/hxw323/asus-sound-card-xonaressencest,https://m.media-amazon.com/images/I/41Qzj1dMxUL.jpg,7.1,24-bit,124 dB,192 kHz,ASUS AV100,PCI,
SIIG IC-710012-S2,https://pcpartpicker.com/product/XNtCmG/siig-sound-card-ic710012s2,https://cdna.pcpartpicker.com/static/forever/images/product/31d6918aaa94b6c42f3a7dcc05e497ae.256p.jpg,7.1,24-bit,92 dB,96 kHz,,PCI,
SIIG DP SoundWave,https://pcpartpicker.com/product/vfH48d/siig-dp-soundwave-sound-card-ic-510211-s1,https://images-eu.ssl-images-amazon.com/images/I/41Ik9l6IapL.jpg,5.1,24-bit,,,,PCIe x1,
Creative Labs Sound Blaster Audigy Rx OEM,https://pcpartpicker.com/product/bYH48d/creative-labs-sound-blaster-audigy-rx-oem-24-bit-192-khz-sound-card-30sb155000001,https://cdna.pcpartpicker.com/static/forever/images/product/a76d36481a8f4942ebe9c4b78e3907ac.256p.jpg,7.1,24-bit,106 dB,192 kHz,Creative E-MU,PCIe x1,
Diamond XtremeSound XS51,https://pcpartpicker.com/product/Y7V48d/diamond-sound-card-xs51,https://m.media-amazon.com/images/I/518NR+c1WrL.jpg,5.1,16-bit,,48 kHz,,PCI,
PPA International 1431v,https://pcpartpicker.com/product/FrK7YJ/ppa-international-sound-card-1431v,https://m.media-amazon.com/images/I/41zypX164wL.jpg,5.1,16-bit,,,,PCI,
Vantec UGT-S100,https://pcpartpicker.com/product/pp6BD3/vantec-sound-card-ugts100,https://cdna.pcpartpicker.com/static/forever/images/product/9b247a5ae0262e8f385e4fcf0b8e2574.256p.jpg,7.1,,,48 kHz,,PCI,
Asus Xonar D1,https://pcpartpicker.com/product/vCTmP6/asus-sound-card-xonard1,https://m.media-amazon.com/images/I/51J0pdDQJPL.jpg,7.1,24-bit,116 dB,192 kHz,ASUS AV100,PCI,
StarTech PCISOUND5CH,https://pcpartpicker.com/product/h8Gkcf/startech-sound-card-pcisound5ch,https://images-na.ssl-images-amazon.com/images/I/41TdOL2grvL.jpg,5.1,24-bit,,48 kHz,C-Media CMI8738,PCI,
StarTech PCISOUND4CH,https://pcpartpicker.com/product/JZphP6/startech-sound-card-pcisound4ch,https://m.media-amazon.com/images/I/51hkWLUwJiL.jpg,4.0,16-bit,,48 kHz,C-Media CMI8738,PCI,
Asus Xonar Essence,https://pcpartpicker.com/product/y7V48d/asus-sound-card-90yaa0e00uan00z,/static/forever/img/no-image.png,7.1,24-bit,124 dB,192 kHz,ASUS AV100,PCI,
Asus Xonar DS,https://pcpartpicker.com/product/jCTmP6/asus-sound-card-90yaa0f00uan00z,/static/forever/img/no-image.png,7.1,24-bit,107 dB,192 kHz,ASUS AV200,PCI,
Rosewill RC-702,https://pcpartpicker.com/product/xjTmP6/rosewill-sound-card-rc702,/static/forever/img/no-image.png,7.1,16-bit,,96 kHz,C-Media CMI8768,PCI,
M-Audio Audiophile 192,https://pcpartpicker.com/product/c7V48d/m-audio-sound-card-99005076800,/static/forever/img/no-image.png,4.0,24-bit,,192 kHz,,PCI,
Creative Labs Sound Blaster Audigy SE OEM,https://pcpartpicker.com/product/f4zv6h/creative-labs-sound-blaster-audigy-se-oem-24-bit-96-khz-sound-card-30sb057000000,https://cdna.pcpartpicker.com/static/forever/images/product/796309151625a3a9bbd39a39b98b3c71.256p.jpg,7.1,24-bit,100 dB,96 kHz,,PCI,
SIIG LP-000022-S2,https://pcpartpicker.com/product/QvrG3C/siig-sound-card-lp000022s2,https://m.media-amazon.com/images/I/41MpNgg1iVL.jpg,5.1,24-bit,90 dB,96 kHz,VIA VT1723,PCI,
Turtle Beach TBS-3429,https://pcpartpicker.com/product/6ZphP6/turtle-beach-sound-card-tbs3429,/static/forever/img/no-image.png,5.1,24-bit,,48 kHz,,PCI,
