Name,URL,Image,Protocol,Interface,Color,Price
Gigabyte GC-WBAX210,https://pcpartpicker.com/product/nRM48d/gigabyte-gc-wbax210-80211abgnacax-pcie-x1-wi-fi-adapter-gc-wbax210,https://cdna.pcpartpicker.com/static/forever/images/product/196a734a1ce494985588b4b00f41aecc.256p.jpg,Wi-Fi 6E,PCIe x1,Black / Silver,36.99
TP-Link Archer TBE550E,https://pcpartpicker.com/product/wJ7MnQ/tp-link-archer-tbe550e-80211abgnacax-pcie-x1-wi-fi-adapter-archer-tbe550e,https://cdna.pcpartpicker.com/static/forever/images/product/42340a545b632c75680bddc29abd58e6.256p.jpg,Wi-Fi 7,PCIe x1,Black,68.98
TP-Link Archer TX3000E,https://pcpartpicker.com/product/dBFKHx/tp-link-archer-tx3000e-pcie-x1-80211abgnacax-wi-fi-adapter-archer-tx3000e,https://cdna.pcpartpicker.com/static/forever/images/product/b8816d8a7c895012f7398d6d2a4171f1.256p.jpg,Wi-Fi 6,PCIe x1,Red / Black,30.36
Asus PCE-AC88,https://pcpartpicker.com/product/vwcMnQ/asus-pce-ac88-none-wi-fi-adapter-pce-ac88,https://cdna.pcpartpicker.com/static/forever/images/product/0827ae5c0a2779c2ce3c765a78a5dc7b.256p.jpg,Wi-Fi 5,PCIe x1,,
TP-Link ArcherTX20E,https://pcpartpicker.com/product/LW9wrH/tp-link-archertx20e-80211abgnacax-pcie-x1-wi-fi-adapter-archertx20e,https://cdna.pcpartpicker.com/static/forever/images/product/09a52515da298c2cffe04bd000aabba2.256p.jpg,Wi-Fi 6,PCIe x1,Black,29.99
Asus USB-N53,https://pcpartpicker.com/product/G9kD4D/asus-wireless-network-card-usbn53,https://cdna.pcpartpicker.com/static/forever/images/product/99527590c6286e8615cd377a11ac311b.256p.jpg,Wi-Fi 4,USB Type-A 2.0,,139.99
TP-Link ARCHER T2U PLUS,https://pcpartpicker.com/product/3YndnQ/tp-link-archer-t2u-plus-usb-20-wi-fi-adapter-archer-t2u-plus,https://cdna.pcpartpicker.com/static/forever/images/product/7ff171439242e62f10ceb9dcacd893ce.256p.jpg,Wi-Fi 5,USB Type-A 2.0,Black,13.70
MSI HERALD-BE WIFI 7 MAX,https://pcpartpicker.com/product/nvHqqs/msi-herald-be-wifi-7-max-80211abgnacax-pcie-x1-wi-fi-adapter-herald-be-wifi-7-max,https://cdna.pcpartpicker.com/static/forever/images/product/84b5c7381b2fda537f819fd23177bf79.256p.jpg,Wi-Fi 7,PCIe x1,Black,49.99
TP-Link Archer TX55E,https://pcpartpicker.com/product/CTcG3C/tp-link-archer-tx55e-80211abgnacax-pcie-x1-wi-fi-adapter-archer-tx55e,https://m.media-amazon.com/images/I/311Y9W7zVcL.jpg,Wi-Fi 6,PCIe x1,,29.99
Intel AX210,https://pcpartpicker.com/product/4nkWGX/intel-ax210-80211abgnacax-m2-wi-fi-adapter-ax210ngwgnv,https://cdna.pcpartpicker.com/static/forever/images/product/48b9cdc6e56d482ecf65f0e21a14c756.256p.jpg,Wi-Fi 6E,M.2 PCIe,Green,16.97
Asus PCE-AX1800,https://pcpartpicker.com/product/6MjBD3/asus-pce-ax1800-80211abgnacax-pcie-x1-wi-fi-adapter-pce-ax1800,https://cdna.pcpartpicker.com/static/forever/images/product/d65f512559678b0077ac291a71b476d8.256p.jpg,Wi-Fi 6,PCIe x1,Black,29.99
TP-Link Archer TBE400E,https://pcpartpicker.com/product/ZxPv6h/tp-link-archer-tbe400e-80211abgnacax-pcie-x1-wi-fi-adapter-archer-tbe400e,https://cdna.pcpartpicker.com/static/forever/images/product/c2bf9924264da083c2b024ca28cfbd75.256p.jpg,Wi-Fi 7,PCIe x1,Black / Gold,49.99
TP-Link TL-WN725N,https://pcpartpicker.com/product/wQmLrH/tp-link-wireless-network-card-tlwn725n,https://cdna.pcpartpicker.com/static/forever/images/product/0e7e6cfea9ab947277a9f9515d1d5289.256p.jpg,Wi-Fi 4,USB Type-A 2.0,,9.99
D-Link DWA-180,https://pcpartpicker.com/product/xQphP6/d-link-wireless-network-card-dwa180,https://m.media-amazon.com/images/I/41Mqr3ZRRdL.jpg,Wi-Fi 5,USB Type-A 2.0,,
TP-Link Archer TXE72E,https://pcpartpicker.com/product/MJLFf7/tp-link-archer-txe72e-80211abgnacax-pcie-x1-wi-fi-adapter-archer-txe72e,https://cdna.pcpartpicker.com/static/forever/images/product/b4d2dd67129e8e7a45e7540bd27f6399.256p.jpg,Wi-Fi 6E,PCIe x1,,38.97
TP-Link ARCHER T2E,https://pcpartpicker.com/product/xsxRsY/tp-link-archer-t2e-80211abgnac-pcie-x1-wi-fi-adapter-archer-t2e,https://cdna.pcpartpicker.com/static/forever/images/product/b372a1ca5ffb58485606184bf05dc3e2.256p.jpg,Wi-Fi 5,PCIe x1,,16.98
StarTech USB150WN1X1,https://pcpartpicker.com/product/994gXL/startech-wireless-network-card-usb150wn1x1,https://cdna.pcpartpicker.com/static/forever/images/product/6c0ba0dc75acc405e21bcf18ba02c4c4.256p.jpg,Wi-Fi 4,USB Type-A 2.0,,4.50
Ziyituod ZYT-AX210S,https://pcpartpicker.com/product/NQ8bt6/ziyituod-zyt-ax210s-80211abgnacax-pcie-x1-wi-fi-adapter-zyt-ax210s,https://m.media-amazon.com/images/I/313EqihSeWL.jpg,Wi-Fi 6E,PCIe x1,Red,
Asus PCE-AX3000,https://pcpartpicker.com/product/VT2bt6/asus-pce-ax3000-pcie-x1-80211abgnacax-wi-fi-adapter-pce-ax3000,https://cdna.pcpartpicker.com/static/forever/images/product/628c0c537992924e97b2fa4e9bef4cdb.256p.jpg,Wi-Fi 6,PCIe x1,Black,
TP-Link TL-WN881ND,https://pcpartpicker.com/product/Chh9TW/tp-link-wireless-network-card-tlwn881nd,https://cdna.pcpartpicker.com/static/forever/images/product/770244864b514b0eb87468e46b85855f.256p.jpg,Wi-Fi 4,PCIe x1,,22.99
TP-Link Archer T3U Plus,https://pcpartpicker.com/product/wsTzK8/tp-link-archer-t3u-plus-80211abgnac-usb-type-a-wi-fi-adapter-archer-t3u-plus,https://cdna.pcpartpicker.com/static/forever/images/product/3d79e0b2f3cba0686e5e8f53e3a3a8b4.256p.jpg,Wi-Fi 5,USB Type-A 3.2 Gen 1,,17.98
Netgear Nighthawk A9000,https://pcpartpicker.com/product/ccjv6h/netgear-nighthawk-a9000-80211abgnacax-usb-type-a-wi-fi-adapter-a9000-100pas,https://cdna.pcpartpicker.com/static/forever/images/product/6ac26423c321b8578b1b3beb514ff29c.256p.jpg,Wi-Fi 7,USB Type-A 3.2 Gen 1,Black,89.99
Asus PCE-BE92BT,https://pcpartpicker.com/product/n77scf/asus-pce-be92bt-80211abgnacax-pcie-x1-wi-fi-adapter-pce-be92bt,https://cdna.pcpartpicker.com/static/forever/images/product/f4026aa2084e83db832d166a0544a5a9.256p.jpg,Wi-Fi 7,PCIe x1,Black,89.00
Asus PCE-AXE5400,https://pcpartpicker.com/product/44sV3C/asus-pce-axe5400-80211abgnacax-pcie-x1-wi-fi-adapter-pce-axe5400,https://cdna.pcpartpicker.com/static/forever/images/product/4e3195603b681c263b6eb5247e2a9b38.256p.jpg,Wi-Fi 6E,PCIe x1,Black,63.67
TP-Link Archer TX50E,https://pcpartpicker.com/product/Czdrxr/tp-link-archer-tx50e-pcie-x1-80211abgnacax-wi-fi-adapter-archer-tx50e,https://cdna.pcpartpicker.com/static/forever/images/product/251ae9e1af5ac99f81905daeb0795ccb.256p.jpg,Wi-Fi 6,PCIe x1,Black,
TP-Link TL-WDN4800,https://pcpartpicker.com/product/G4H323/tp-link-wireless-network-card-tlwdn4800,https://cdna.pcpartpicker.com/static/forever/images/product/e8402a6f44920b194fbc3cbf13da1105.256p.jpg,Wi-Fi 4,PCIe x1,,95.05
EDUP EP-9636GS-BL,https://pcpartpicker.com/product/zQqPxr/edup-ep-9636gs-bl-pcie-x1-80211abgnacax-wi-fi-adapter-ep-9636gs-bl,https://m.media-amazon.com/images/I/31jxw5lm72L.jpg,Wi-Fi 6,PCIe x1,Black,
EDUP EP-9651,https://pcpartpicker.com/product/7NXJ7P/edup-ep-9651-80211abgnacax-pcie-x1-wi-fi-adapter-ep-ep9651,https://m.media-amazon.com/images/I/417ybU+B1EL.jpg,Wi-Fi 6E,PCIe x1,Blue / Black,26.99
TP-Link Archer TXE75E,https://pcpartpicker.com/product/nqvdnQ/tp-link-archer-txe75e-80211abgnacax-pcie-x1-wi-fi-adapter-archer-txe75e,https://cdna.pcpartpicker.com/static/forever/images/product/21fad96a5cdbb0b4a96e3a67393b481f.256p.jpg,Wi-Fi 6E,PCIe x1,,49.99
Asus PCE-BE6500,https://pcpartpicker.com/product/R3BFf7/asus-pce-be6500-80211abgnacax-pcie-x1-wi-fi-adapter-pce-be6500,https://cdna.pcpartpicker.com/static/forever/images/product/59a9c1e92e41cff44804e747d35f4118.256p.jpg,Wi-Fi 7,PCIe x1,Black,59.99
TP-Link Archer TX20U plus,https://pcpartpicker.com/product/Cs2WGX/tp-link-archer-tx20u-plus-80211abgnacax-usb-type-a-wi-fi-adapter-archer-tx20u-plus,https://cdna.pcpartpicker.com/static/forever/images/product/b0006d24df03b194774e358066813b45.256p.jpg,Wi-Fi 6,USB Type-A 3.2 Gen 1,,32.45
TP-Link Archer T4E,https://pcpartpicker.com/product/kz8j4D/tp-link-archer-t4e-pcie-x1-wi-fi-adapter-aa528899,https://cdna.pcpartpicker.com/static/forever/images/product/170f61ce6875685c527d65b1295f1cb6.256p.jpg,Wi-Fi 5,PCIe x1,,
Intel AX200,https://pcpartpicker.com/product/MMjBD3/intel-ax200-80211abgnacax-m2-e-wi-fi-adapter-ax200ngwgdtk,https://cdna.pcpartpicker.com/static/forever/images/product/ada72c6f4e2035d6561cf57a8da864da.256p.jpg,Wi-Fi 6,M.2,,
Asus PCE-AC56,https://pcpartpicker.com/product/bQ8Zxr/asus-wireless-network-card-pceac56,https://cdna.pcpartpicker.com/static/forever/images/product/5516a559362872e6510cbeab949ededd.256p.jpg,Wi-Fi 5,PCIe x1,,34.99
Asus USB-BE92 Nano,https://pcpartpicker.com/product/Fk7MnQ/asus-usb-be92-nano-80211abgnacax-usb-type-a-wi-fi-adapter-usb-be92-nano,https://cdna.pcpartpicker.com/static/forever/images/product/0385b4479288c6b24a31b89c31d58fab.256p.jpg,Wi-Fi 7,USB Type-A,Black,69.98
TP-Link Archer TBE552E,https://pcpartpicker.com/product/Ycjv6h/tp-link-archer-tbe552e-80211abgnacax-pcie-x1-wi-fi-adapter-archer-tbe552e,https://cdna.pcpartpicker.com/static/forever/images/product/32c5fe839a38b89d1f3e6ea4e1711443.256p.jpg,Wi-Fi 7,PCIe x1,Black / Gold,59.99
MSI HERALD-BE NCM865 WI-FI 7,https://pcpartpicker.com/product/zNwmP6/msi-herald-be-ncm865-wi-fi-7-80211abgnacax-pcie-x1-wi-fi-adapter-herald-be-ncm865-wi-fi-7,https://cdna.pcpartpicker.com/static/forever/images/product/e19f31e04a3d1714159f6d85308c406b.256p.jpg,Wi-Fi 7,PCIe x1,Black,
Asus ROG USB-BE92,https://pcpartpicker.com/product/9z9nTW/asus-rog-usb-be92-80211abgnacax-usb-type-a-wi-fi-adapter-rog-usb-be92,https://cdna.pcpartpicker.com/static/forever/images/product/a74aea35abadaca5977e5a513796ac1c.256p.jpg,Wi-Fi 7,USB Type-A,,99.99
Intel Killer AX1675,https://pcpartpicker.com/product/ynjRsY/intel-killer-ax1675-80211abgnacax-pcie-x1-wi-fi-adapter-ax210d2wgnvxc,https://cdna.pcpartpicker.com/static/forever/images/product/847a4fa4aa2a765369a312af9723598e.256p.jpg,Wi-Fi 6E,PCIe x1,,47.05
TP-Link Archer T5E,https://pcpartpicker.com/product/XdcRsY/tp-link-archer-t5e-pcie-x1-80211abgnac-wi-fi-adapter-archer-t5e,https://cdna.pcpartpicker.com/static/forever/images/product/f3a2cc530e89e2756e22eef346e6c581.256p.jpg,Wi-Fi 5,PCIe x1,Black,26.99
TP-Link TL-WN781ND,https://pcpartpicker.com/product/sN8Zxr/tp-link-wireless-network-card-tlwn781nd,https://cdna.pcpartpicker.com/static/forever/images/product/ad54ffc4a3353fdbe2e584001a68be02.256p.jpg,Wi-Fi 4,PCIe x1,,
TP-Link Archer TX20U Nano,https://pcpartpicker.com/product/wVgZxr/tp-link-archer-tx20u-nano-80211abgnacax-usb-type-a-wi-fi-adapter-archer-tx20u-nano,https://cdna.pcpartpicker.com/static/forever/images/product/642f7d1bc116df0f15f5d1672467c529.256p.jpg,Wi-Fi 6,USB Type-A 2.0,Black,27.99
Asus PCE-AXE58BT,https://pcpartpicker.com/product/JDFbt6/asus-pce-axe58bt-80211abgnacax-pcie-x1-wi-fi-adapter-pce-axe58bt,https://cdna.pcpartpicker.com/static/forever/images/product/b21c133c716604811a0c64fd352a06fc.256p.jpg,Wi-Fi 6E,PCIe x1,Black / Gold,49.99
Ziyituod ZYT-AX200,https://pcpartpicker.com/product/QDyqqs/ziyituod-zyt-ax200-pcie-x1-80211abgnacax-wi-fi-adapter-zyt-ax200,https://m.media-amazon.com/images/I/31P1AzZfWEL.jpg,Wi-Fi 6,PCIe x1,Green,
Intel 7260HMWDTX1,https://pcpartpicker.com/product/HdnG3C/intel-7260hmwdtx1-none-wi-fi-adapter-7260hmwdtx1r,https://m.media-amazon.com/images/I/419qkHXZErL.jpg,Wi-Fi 5,PCIe x1,,110.00
Belkin F9L1101,https://pcpartpicker.com/product/YzKhP6/belkin-wireless-network-card-f9l1101,https://m.media-amazon.com/images/I/31By95bIrBL.jpg,Wi-Fi 4,USB Type-A 2.0,,84.93
Ubit AX210,https://pcpartpicker.com/product/69qPxr/ubit-ax210-80211abgnacax-pcie-x1-wi-fi-adapter-ax210,/static/forever/img/no-image.png,Wi-Fi 6E,PCIe x1,Black,
Intel AX210 w/vPro,https://pcpartpicker.com/product/YHVmP6/intel-ax210-wvpro-80211abgnacax-m2-wi-fi-adapter-ax210ngwg,https://cdna.pcpartpicker.com/static/forever/images/product/48b9cdc6e56d482ecf65f0e21a14c756.256p.jpg,Wi-Fi 6E,M.2 PCIe,Green,24.44
TP-Link Archer T6E AC1300,https://pcpartpicker.com/product/KJfmP6/tp-link-archer-t6e-ac1300-none-wi-fi-adapter-archer-t6e,https://cdna.pcpartpicker.com/static/forever/images/product/a1175f03aa1364f265d58329836e436d.256p.jpg,Wi-Fi 5,PCIe x1,,54.99
TP-Link Archer T2U Nano,https://pcpartpicker.com/product/FDBTwP/tp-link-archer-t2u-nano-usb-20-wi-fi-adapter-archer-t2u-nano,https://cdna.pcpartpicker.com/static/forever/images/product/49177c109205e9fc15cb9772e9475dd2.256p.jpg,Wi-Fi 4,USB Type-A 2.0,Black / Gold,12.99
Netgear Nighthawk AXE3000,https://pcpartpicker.com/product/gjjBD3/netgear-nighthawk-axe3000-80211abgnacax-usb-type-a-wi-fi-adapter-a8000100pas,https://cdna.pcpartpicker.com/static/forever/images/product/6ffbb3c8e497058607b1edcbb5ca3696.256p.jpg,Wi-Fi 6E,USB Type-A 3.2 Gen 1,Black,69.00
Rosewill RNX-N250PCe,https://pcpartpicker.com/product/CG9KHx/rosewill-wireless-network-card-rnxn250pce,https://images-na.ssl-images-amazon.com/images/I/31ifVnmkroL.jpg,Wi-Fi 4,PCIe x1,,19.88
Gigabyte GC-WB1733D-I,https://pcpartpicker.com/product/j9m323/gigabyte-gc-wb1733d-i-none-wi-fi-adapter-gc-wb1733d-i,https://cdna.pcpartpicker.com/static/forever/images/product/49b962a53313e319c00791743ee095c3.256p.jpg,Wi-Fi 5,PCIe x1,Black,45.41
TP-Link Archer T9E,https://pcpartpicker.com/product/pxrcCJ/tp-link-wireless-network-card-archert9e,https://cdna.pcpartpicker.com/static/forever/images/product/117af3f7c8e4a82ed679aa80b976e868.256p.jpg,Wi-Fi 5,PCIe x1,,89.99
TP-Link Archer T3U,https://pcpartpicker.com/product/WzBTwP/tp-link-archer-t3u-usb-30-wi-fi-adapter-archer-t3u,https://cdna.pcpartpicker.com/static/forever/images/product/2052662d48ba623012646b7e8b0e2113.256p.jpg,Wi-Fi 5,USB Type-A 3.2 Gen 1,Black,16.98
Cudy WE3000,https://pcpartpicker.com/product/h7V2FT/cudy-we3000-80211abgnacax-pcie-x1-wi-fi-adapter-we3000,https://cdna.pcpartpicker.com/static/forever/images/product/4ad51a96b8cf2cb6997c575224b29c30.256p.jpg,Wi-Fi 6,PCIe x1,,26.98
Asus USB-AC53 NANO,https://pcpartpicker.com/product/c8ZFf7/asus-usb-ac53-nano-none-wi-fi-adapter-usb-ac53-nano,https://cdna.pcpartpicker.com/static/forever/images/product/95690b6a70097b317bed18363488f729.256p.jpg,Wi-Fi 5,USB Type-A 2.0,,19.99
Gigabyte GC-WB867D-I,https://pcpartpicker.com/product/tTdqqs/gigabyte-wireless-network-card-gcwb867di,https://m.media-amazon.com/images/I/41i+EzorYkL.jpg,Wi-Fi 5,PCIe x1,,
Asus PCE-AC68,https://pcpartpicker.com/product/8VMFf7/asus-wireless-network-card-pceac68,https://m.media-amazon.com/images/I/41id9W+++5L.jpg,Wi-Fi 5,PCIe x1,,
TP-Link Archer T4U Plus,https://pcpartpicker.com/product/MvLwrH/tp-link-archer-t4u-plus-80211abgnac-usb-type-a-wi-fi-adapter-archer-t4u-plus,https://cdna.pcpartpicker.com/static/forever/images/product/389e1b9b1e9780bd927e7963838e3b7f.256p.jpg,Wi-Fi 5,USB Type-A 3.2 Gen 1,,21.57
Gigabyte GC-WBAX200,https://pcpartpicker.com/product/z44BD3/gigabyte-gc-wbax200-pcie-x1-80211abgnacax-wi-fi-adapter-gc-wbax200,https://cdna.pcpartpicker.com/static/forever/images/product/737447f2bbdbf019bdc9232564eaf2cb.256p.jpg,Wi-Fi 6,PCIe x1,Black / Silver,49.95
TP-Link Archer T2UB Nano,https://pcpartpicker.com/product/Whstt6/tp-link-archer-t2ub-nano-80211abgnac-usb-type-a-wi-fi-adapter-archer-t2ub-nano,https://cdna.pcpartpicker.com/static/forever/images/product/66d51909cfc4587eddf4081d1db26e53.256p.jpg,Wi-Fi 5,USB Type-A 2.0,Black,16.98
Asus PCE-BE90BT,https://pcpartpicker.com/product/3DKnTW/asus-pce-be90bt-80211abgnacax-pcie-x1-wi-fi-adapter-pce-be90bt,https://cdna.pcpartpicker.com/static/forever/images/product/04ff8a550f3d7c51765efd7aa85fa4ba.256p.jpg,Wi-Fi 7,PCIe x1,Black,84.99
StarTech USB150WN1X1W,https://pcpartpicker.com/product/wL6BD3/startech-usb150wn1x1w-usb-20-80211abgn-wi-fi-adapter-usb150wn1x1w,https://cdna.pcpartpicker.com/static/forever/images/product/763c47fc590201a379cac7cb5601e1fb.256p.jpg,Wi-Fi 4,USB Type-A 2.0,,11.99
Asus USB-AX56,https://pcpartpicker.com/product/JDLFf7/asus-usb-ax56-80211abgnacax-usb-type-a-wi-fi-adapter-usb-ax56,https://cdna.pcpartpicker.com/static/forever/images/product/bf7c3057b6f0c6af69bf33df50e6ecc3.256p.jpg,Wi-Fi 6,USB Type-A 3.2 Gen 1,Black,88.87
MSI ‎AXE5400,https://pcpartpicker.com/product/4C9nTW/msi-axe5400-80211abgnacax-usb-type-a-wi-fi-adapter-302-8ze10xu-000,https://m.media-amazon.com/images/I/31hx76yta9L.jpg,Wi-Fi 6E,USB Type-A 3.2 Gen 1,Black,49.99
MSI BE6500,https://pcpartpicker.com/product/YrnXsY/msi-be6500-80211abgnacax-usb-type-a-wi-fi-adapter-302-8ze20xu-000,https://cdna.pcpartpicker.com/static/forever/images/product/61dcc4c1215b90e0119275dee815de34.256p.jpg,Wi-Fi 7,USB Type-A 3.2 Gen 1,Black,69.98
BrosTrend AC5,https://pcpartpicker.com/product/vkCD4D/brostrend-ac5-none-wi-fi-adapter-ac5,https://m.media-amazon.com/images/I/21Y3hStoa8L.jpg,Wi-Fi 5,USB Type-A 2.0,Black,
fenvi FV-AX3000,https://pcpartpicker.com/product/w7xRsY/fenvi-fv-ax3000-80211abgnacax-pcie-x1-wi-fi-adapter-fv-ax3000,/static/forever/img/no-image.png,Wi-Fi 6,PCIe x1,Red / Black,
Asus PCE-AX58BT,https://pcpartpicker.com/product/kCzFf7/asus-pce-ax58bt-pcie-x1-wi-fi-adapter-pce-ax58bt,https://cdna.pcpartpicker.com/static/forever/images/product/bea22fae2901d63a6a9efb80ed5d7098.256p.jpg,Wi-Fi 6,PCIe x1,Black,64.73
NEC NP05LM1,https://pcpartpicker.com/product/4rdxFT/nec-np05lm1-80211abgn-usb-type-a-wi-fi-adapter-np05lm1,https://cdna.pcpartpicker.com/static/forever/images/product/ed07fed56699894c0959af399fdd75db.256p.jpg,Wi-Fi 4,USB Type-A 2.0,White,
Intel AX200.NGWG.NV,https://pcpartpicker.com/product/XWwkcf/intel-ax200ngwgnv-80211abgnacax-m2-wi-fi-adapter-ax200ngwgnv,https://cdna.pcpartpicker.com/static/forever/images/product/b6de31d8507c898dcea28c01872fb492.256p.jpg,Wi-Fi 6,M.2,,24.15
TP-Link Archer TBE400UH,https://pcpartpicker.com/product/48CCmG/tp-link-archer-tbe400uh-80211abgnacax-usb-type-a-wi-fi-adapter-archer-tbe400uh,https://cdna.pcpartpicker.com/static/forever/images/product/b656cf1b403e21e81dd5c005c5a33016.256p.jpg,Wi-Fi 7,USB Type-A 3.2 Gen 1,Black / Silver,
Netgear A6210-100PAS,https://pcpartpicker.com/product/tj2rxr/netgear-wireless-network-card-a6210100pas,https://m.media-amazon.com/images/I/31lJ3S4MmUL.jpg,Wi-Fi 5,USB Type-A 3.2 Gen 1,,
Netgear Nighthawk AC1900 A7000-10000S,https://pcpartpicker.com/product/fBCD4D/netgear-nighthawk-ac1900-a7000-10000s-usb-30-80211abgnac-wi-fi-adapter-a7000-10000s,https://cdna.pcpartpicker.com/static/forever/images/product/884612197060a46a34124579e06705a8.256p.jpg,Wi-Fi 5,USB Type-A 3.2 Gen 1,Black,60.00
TP-Link Archer TXE70UH,https://pcpartpicker.com/product/LDTFf7/tp-link-archer-txe70uh-80211abgnacax-usb-type-a-wi-fi-adapter-archer-txe70uh,https://cdna.pcpartpicker.com/static/forever/images/product/36ed645c2cb8a39ec58d8cd34e4991ec.256p.jpg,Wi-Fi 6E,USB Type-A 3.2 Gen 1,Black,54.99
Intel 62205ANHMWDTX1,https://pcpartpicker.com/product/b4ckcf/intel-wireless-network-card-62205anhmwdtx1,https://m.media-amazon.com/images/I/41M2WcHzXNL.jpg,Wi-Fi 4,PCIe x1,,29.95
Asus PCE-N15,https://pcpartpicker.com/product/RZNp99/asus-wireless-network-card-pcen15,https://cdna.pcpartpicker.com/static/forever/images/product/7c8a14d019d8abdb71e4497057f66553.256p.jpg,Wi-Fi 4,PCIe x1,,
Asus PCE-AC51,https://pcpartpicker.com/product/k9ndnQ/asus-pce-ac51-none-wi-fi-adapter-pce-ac51,https://cdna.pcpartpicker.com/static/forever/images/product/197f9478a19d53d444a85e48e002e2b2.256p.jpg,Wi-Fi 5,PCIe x1,,
MSI AX1800 Nano,https://pcpartpicker.com/product/NNZWGX/msi-ax1800-nano-80211abgnacax-usb-type-a-wi-fi-adapter-ax1800nanowifiusb,https://cdna.pcpartpicker.com/static/forever/images/product/20b3c3312ad458e17d0dbdd331f4fbfc.256p.jpg,Wi-Fi 6,USB Type-A 2.0,Black,27.21
D-Link DWA-582,https://pcpartpicker.com/product/3D38TW/d-link-wireless-network-card-dwa582,https://m.media-amazon.com/images/I/411iOwGaSKL.jpg,Wi-Fi 5,PCIe x1,,
Asus PCE-AC55BT B1,https://pcpartpicker.com/product/6Zs8TW/asus-pce-ac55bt-b1-none-wi-fi-adapter-pce-ac55bt-b1,https://m.media-amazon.com/images/I/41IrQZF3m0L.jpg,Wi-Fi 5,PCIe x1,,
MSI AX905C,https://pcpartpicker.com/product/FsNgXL/msi-ax905c-pcie-x1-80211abgnacax-wi-fi-adapter-ax905c,https://cdna.pcpartpicker.com/static/forever/images/product/94b48b28c568ff4ce4108ae8e1f9164b.256p.jpg,Wi-Fi 6,PCIe x1,Black,
BrosTrend AC3,https://pcpartpicker.com/product/yTdxFT/brostrend-ac3-none-wi-fi-adapter-ac3,https://m.media-amazon.com/images/I/41hc9O--EmL.jpg,Wi-Fi 5,USB Type-A 3.2 Gen 1,Black,26.99
TP-Link Archer T2U,https://pcpartpicker.com/product/w3fp99/tp-link-wireless-network-card-archert2u,https://cdna.pcpartpicker.com/static/forever/images/product/74c28093cf824befbcddbdc6374cd556.256p.jpg,Wi-Fi 5,USB Type-A 2.0,,29.94
TP-Link TL-WN851ND,https://pcpartpicker.com/product/PqCwrH/tp-link-wireless-network-card-tlwn851nd,https://cdna.pcpartpicker.com/static/forever/images/product/bde86bd496c2b0c63706c86e868a2270.256p.jpg,Wi-Fi 4,PCI,,
fenvi FV-8802,https://pcpartpicker.com/product/CVFKHx/fenvi-fv-8802-pcie-x1-80211abgnac-wi-fi-adapter-fv-8802,https://m.media-amazon.com/images/I/318aE2nGj+L.jpg,Wi-Fi 5,PCIe x1,Black / Orange,35.14
Asus PCE-N10,https://pcpartpicker.com/product/9fQypg/asus-wireless-network-card-pcen10,https://cdna.pcpartpicker.com/static/forever/images/product/235eea0857764c21789d9d847d69d906.256p.jpg,Wi-Fi 4,PCIe x1,,
fenvi FV-HB1200,https://pcpartpicker.com/product/bBFmP6/fenvi-fv-hb1200-80211abgnac-pcie-x1-wi-fi-adapter-fv-hb1200,/static/forever/img/no-image.png,Wi-Fi 5,PCIe x1,Black / Blue,39.99
D-Link DWA-552,https://pcpartpicker.com/product/NzJwrH/d-link-wireless-network-card-dwa552,https://m.media-amazon.com/images/I/31ACIzG5jJL.jpg,Wi-Fi 4,PCI,,48.99
D-Link DWA-140,https://pcpartpicker.com/product/gnPfrH/d-link-wireless-network-card-dwa140,https://cdna.pcpartpicker.com/static/forever/images/product/58a0156fabd2c502d8a4b2f9150f1c10.256p.jpg,Wi-Fi 4,USB Type-A 2.0,,39.99
fenvi FV-AXE3000,https://pcpartpicker.com/product/DJLFf7/fenvi-fv-axe3000-80211abgnacax-pcie-x1-wi-fi-adapter-fv-axe3000,/static/forever/img/no-image.png,Wi-Fi 6,PCIe x1,Red / Black,
EDUP EP-9651GS,https://pcpartpicker.com/product/mMJgXL/edup-ep-9651gs-80211abgnacax-pcie-x1-wi-fi-adapter-ep-9651gs,https://m.media-amazon.com/images/I/419DFmhEftL.jpg,Wi-Fi 6E,PCIe x1,Black,
StarTech PEX300WN2X2,https://pcpartpicker.com/product/Fc9KHx/startech-wireless-network-card-pex300wn2x2,https://images-na.ssl-images-amazon.com/images/I/41jY60zb8TL.jpg,Wi-Fi 4,PCIe x1,,24.79
Asus USB-AX55 Nano,https://pcpartpicker.com/product/TcddnQ/asus-usb-ax55-nano-80211abgnacax-usb-type-a-wi-fi-adapter-usb-ax55-nano,https://cdna.pcpartpicker.com/static/forever/images/product/e8644d9dbff2d41cfbefcc0219e2fd10.256p.jpg,Wi-Fi 6,USB Type-A 2.0,Black,49.99
TP-Link TL-WN722N,https://pcpartpicker.com/product/psdqqs/tp-link-wireless-network-card-tlwn722n,https://cdna.pcpartpicker.com/static/forever/images/product/c4d3e2e8faad92c2b33ff1123e08bbf1.256p.jpg,Wi-Fi 4,USB Type-A 2.0,,
Intel 7260HMWDTX1,https://pcpartpicker.com/product/4Yn2FT/intel-wireless-network-card-7260hmwdtx1,/static/forever/img/no-image.png,Wi-Fi 5,PCIe x1,,
TP-Link Archer T9UH,https://pcpartpicker.com/product/8hfhP6/tp-link-archer-t9uh-usb-30-wi-fi-adapter-archer-t9uh,https://cdna.pcpartpicker.com/static/forever/images/product/c60382cae831cca8f42ed8f679f90428.256p.jpg,Wi-Fi 5,USB Type-A 3.2 Gen 1,Black,
MSI AC905C,https://pcpartpicker.com/product/MLJmP6/msi-ac905c-pcie-x1-wi-fi-adapter-ac905c,https://cdna.pcpartpicker.com/static/forever/images/product/da0a5b09a5a46c012f4c9616af42d8b9.256p.jpg,Wi-Fi 5,PCIe x1,Black,
fenvi FV-AXE3000RGB,https://pcpartpicker.com/product/bdWJ7P/fenvi-fv-axe3000rgb-80211abgnacax-pcie-x1-wi-fi-adapter-fv-axe3000rgb,/static/forever/img/no-image.png,Wi-Fi 6E,PCIe x1,Red / Silver,
Intel 8265.NGWMG.S,https://pcpartpicker.com/product/CWkj4D/intel-8265ngwmgs-80211abgnac-m2-wi-fi-adapter-8265ngwmgs,https://images-na.ssl-images-amazon.com/images/I/51fMYdhZWHL.jpg,Wi-Fi 5,M.2,Green,
TP-Link Archer TX21UH,https://pcpartpicker.com/product/nbpQzy/tp-link-archer-tx21uh-80211abgnacax-usb-type-a-wi-fi-adapter-archer-tx21uh,https://cdna.pcpartpicker.com/static/forever/images/product/3d86ed97c8b274c3885fd707ea8a035c.256p.jpg,Wi-Fi 6,USB Type-A 3.2 Gen 1,Silver / Black,35.97
Intel 7260,https://pcpartpicker.com/product/fhPzK8/intel-wireless-network-card-7260hmwwbr,https://cdna.pcpartpicker.com/static/forever/images/product/aedc015730951e2c64ebffb39d20f029.256p.jpg,Wi-Fi 5,Mini-PCIe,,16.89
TP-Link TL-WN951N,https://pcpartpicker.com/product/qnPfrH/tp-link-wireless-network-card-tlwn951n,https://images-na.ssl-images-amazon.com/images/I/41GpoViYorL.jpg,Wi-Fi 4,PCI,,
fenvi FV-T919,https://pcpartpicker.com/product/BJ97YJ/fenvi-fv-t919-none-wi-fi-adapter-fv-t919,https://m.media-amazon.com/images/I/51WXXEGfddL.jpg,Wi-Fi 5,PCIe x1,Black / Gold,
TP-Link Archer T8E,https://pcpartpicker.com/product/JdCrxr/tp-link-wireless-network-card-archert8e,https://m.media-amazon.com/images/I/51cqINj2SoL.jpg,Wi-Fi 5,PCIe x1,,79.98
Asus PCE-AXE59BT,https://pcpartpicker.com/product/fhkH99/asus-pce-axe59bt-80211abgnacax-pcie-x1-wi-fi-adapter-pce-axe59bt,https://cdna.pcpartpicker.com/static/forever/images/product/705992afdc28d0e3c81f981741bcf26e.256p.jpg,Wi-Fi 6E,PCIe x1,Black,
TP-Link TL-WN823N,https://pcpartpicker.com/product/gWg323/tp-link-wireless-network-card-tlwn823n,https://cdna.pcpartpicker.com/static/forever/images/product/49a4630041a0232ece181b7bfb73780d.256p.jpg,Wi-Fi 4,USB Type-A 2.0,,18.60
Asus PCE-AC55BT,https://pcpartpicker.com/product/X9rcCJ/asus-pce-ac55bt-none-wi-fi-adapter-pce-ac55bt,https://cdna.pcpartpicker.com/static/forever/images/product/58d3958230727290b05d049e46fec139.256p.jpg,Wi-Fi 5,PCIe x1,,
Gigabyte GC-WB867D-I REV 4.2,https://pcpartpicker.com/product/r7RFf7/gigabyte-gc-wb867d-i-rev-42-none-wi-fi-adapter-gc-wb867d-i-rev-42,https://cdna.pcpartpicker.com/static/forever/images/product/3c30ae6a39fcf8a6eee3512718b4f1ed.256p.jpg,Wi-Fi 5,PCIe x1,,
Ubit G10H-AX210S,https://pcpartpicker.com/product/HZhFf7/ubit-g10h-ax210s-80211abgnacax-pcie-x1-wi-fi-adapter-g10h-ax210s,/static/forever/img/no-image.png,Wi-Fi 6E,PCIe x1,,
Intel 9560.NGWG.NVR,https://pcpartpicker.com/product/tLTZxr/intel-9560ngwgnvr-80211abgnac-m2-wi-fi-adapter-9560ngwgnvr,/static/forever/img/no-image.png,Wi-Fi 5,M.2,Silver,
Linksys WMP600N,https://pcpartpicker.com/product/LJJwrH/linksys-wireless-network-card-wmp600n,https://m.media-amazon.com/images/I/419KKMBBh7L.jpg,Wi-Fi 4,PCI,,64.04
MSI AX1800,https://pcpartpicker.com/product/cZLdnQ/msi-ax1800-80211abgnacax-usb-type-a-wi-fi-adapter-302-8ze00xu-000,https://cdna.pcpartpicker.com/static/forever/images/product/3804e470886c82919f41110db6b844d9.256p.jpg,Wi-Fi 6,USB Type-A 3.2 Gen 1,Black,
Rosewill RNX-G300LX,https://pcpartpicker.com/product/LzQypg/rosewill-wireless-network-card-rnxg300lx,https://m.media-amazon.com/images/I/41JhrmxWkeL.jpg,Wi-Fi 3,PCI,,
TRENDnet TEW-424UB,https://pcpartpicker.com/product/YTGkcf/trendnet-wireless-network-card-tew424ub,https://m.media-amazon.com/images/I/31V7O05p4IL.jpg,Wi-Fi 3,USB Type-A 2.0,,
Asus PCE-AC58BT,https://pcpartpicker.com/product/JhWfrH/asus-pce-ac58bt-none-wi-fi-adapter-pce-ac58bt,https://cdna.pcpartpicker.com/static/forever/images/product/88ddde2b346979b666f59b8c00a39175.256p.jpg,Wi-Fi 5,PCIe x1,Blue,74.98
Gigabyte GC-WBAX1200,https://pcpartpicker.com/product/rghv6h/gigabyte-gc-wbax1200-80211abgnacax-pcie-x1-wi-fi-adapter-gc-wbax1200,https://m.media-amazon.com/images/I/31iVZus-0+L.jpg,Wi-Fi 6E,PCIe x1,Black,
TP-Link Archer T4U,https://pcpartpicker.com/product/qn3RsY/tp-link-wireless-network-card-archert4u,https://cdna.pcpartpicker.com/static/forever/images/product/4d7895743ff8ccb1f13f382a54cfb113.256p.jpg,Wi-Fi 5,USB Type-A 3.2 Gen 1,,34.99
3M 78-6972-0104-0,https://pcpartpicker.com/product/qDPfrH/3m-wireless-network-card-78697201040,https://cdna.pcpartpicker.com/static/forever/images/product/8816ba96db361974c2ffd97abae7b54a.med.256p.jpg,Wi-Fi 3,USB Type-A 2.0,,59.99
StarTech PEX867WAC22,https://pcpartpicker.com/product/76M323/startech-wireless-network-card-pex867wac22,https://m.media-amazon.com/images/I/41xQZDYCbvL.jpg,Wi-Fi 5,PCIe x1,,86.46
StarTech USB433WACDB,https://pcpartpicker.com/product/4cCrxr/startech-wireless-network-card-usb433wacdb,https://cdna.pcpartpicker.com/static/forever/images/product/773d07f768b384bae5d5f7bd9219fb79.256p.jpg,Wi-Fi 5,USB Type-A 2.0,,20.36
fenvi Wi-Fi 7 FV-BE8800,https://pcpartpicker.com/product/rWdG3C/fenvi-wi-fi-7-fv-be8800-80211abgnacax-pcie-x1-wi-fi-adapter-wi-fi-7-fv-be8800,/static/forever/img/no-image.png,Wi-Fi 7,PCIe x1,Red / Black,
MSI AC905C-V2,https://pcpartpicker.com/product/4kNxFT/msi-ac905c-v2-80211abgnac-pcie-x1-wi-fi-adapter-ac905c-v2,https://m.media-amazon.com/images/I/11mCsSgvNLL.jpg,Wi-Fi 5,PCIe x1,Black,
TP-Link TL-WN822N,https://pcpartpicker.com/product/tTGkcf/tp-link-wireless-network-card-tlwn822n,https://cdna.pcpartpicker.com/static/forever/images/product/97f0f9f5426b007881db5ebb2a341bcf.256p.jpg,Wi-Fi 4,USB Type-A 2.0,,27.29
Rosewill RNX-AC1900PCE,https://pcpartpicker.com/product/ML2rxr/rosewill-rnx-ac1900pce-none-wi-fi-adapter-rnx-ac1900pce,https://m.media-amazon.com/images/I/41QIqx6SedL.jpg,Wi-Fi 5,PCIe x1,,36.79
Cisco AIR-PI21AG-A-K9,https://pcpartpicker.com/product/2gGkcf/cisco-wireless-network-card-airpi21agak9,https://cdna.pcpartpicker.com/static/forever/images/product/392a24057d30539dc318024e27f31e21.med.256p.jpg,Wi-Fi 3,PCI,,
Rosewill RNX-N600UBE,https://pcpartpicker.com/product/NKvRsY/rosewill-wireless-network-card-rnxn600ube,https://m.media-amazon.com/images/I/31nx8dBdaeL.jpg,Wi-Fi 4,USB Type-A 2.0,,
Netgear WNA1100-100ENS,https://pcpartpicker.com/product/XRrG3C/netgear-wireless-network-card-wna1100100ens,https://cdna.pcpartpicker.com/static/forever/images/product/86291e15665b3d698421a94c3028d9fa.med.256p.jpg,Wi-Fi 4,USB Type-A 2.0,,9.97
Intel 7260HMW,https://pcpartpicker.com/product/bvphP6/intel-7260hmw-half-mini-pcie-80211abgnac-wi-fi-adapter-7260hmwwb,https://cdna.pcpartpicker.com/static/forever/images/product/876e80979f6a42108e5d47f1cbdbe943.256p.jpg,Wi-Fi 5,Half Mini-PCIe,,
TRENDnet TEW-726EC,https://pcpartpicker.com/product/DcJwrH/trendnet-wireless-network-card-tew726ec,https://m.media-amazon.com/images/I/41DIKHWN-9L.jpg,Wi-Fi 4,PCIe x1,,
Belkin AE6000,https://pcpartpicker.com/product/NRBrxr/belkin-ae6000-usb-20-80211abgnac-wi-fi-adapter-ae6000,https://cdna.pcpartpicker.com/static/forever/images/product/6d6431304f3c6e7fa44f4e017af66001.256p.jpg,Wi-Fi 5,USB Type-A 2.0,,
BrosTrend AC1,https://pcpartpicker.com/product/dYyV3C/brostrend-ac1-none-wi-fi-adapter-ac1,https://m.media-amazon.com/images/I/21rjsm9jhwL.jpg,Wi-Fi 5,USB Type-A 3.2 Gen 1,Black,19.98
BrosTrend AC3L Linux Wi-Fi Adapter,https://pcpartpicker.com/product/JHYLrH/brostrend-ac3l-linux-wi-fi-adapter-none-wi-fi-adapter-ac3l-linux-wi-fi-adapter,https://m.media-amazon.com/images/I/31RrPiTXyxL.jpg,Wi-Fi 5,USB Type-A 3.2 Gen 1,Black,37.99
Rosewill RNX-AC1200PCEv2,https://pcpartpicker.com/product/FRc48d/rosewill-rnx-ac1200pcev2-pcie-x1-wi-fi-adapter-rnx-ac1200pcev2,https://cdna.pcpartpicker.com/static/forever/images/product/2738eafae13a42f0f55e3897f99f99db.256p.jpg,Wi-Fi 5,PCIe x1,Green,
Rosewill RNX-AC1900PCEv2,https://pcpartpicker.com/product/m9WBD3/rosewill-rnx-ac1900pcev2-pcie-x1-wi-fi-adapter-rnx-ac1900pcev2,https://cdna.pcpartpicker.com/static/forever/images/product/13976e660e47bcd26209be0c642d08af.256p.jpg,Wi-Fi 5,PCIe x1,Red / Black,
fenvi FV-AXE210NG,https://pcpartpicker.com/product/Rmytt6/fenvi-fv-axe210ng-80211abgnacax-m2-wi-fi-adapter-fv-axe210ng,/static/forever/img/no-image.png,Wi-Fi 6E,M.2,,
Intel AX210,https://pcpartpicker.com/product/n72WGX/intel-ax210-80211abgnacax-m2-wi-fi-adapter-ax210ngwgienv,/static/forever/img/no-image.png,Wi-Fi 6E,M.2 PCIe,Green,
D-Link DWA-X1850,https://pcpartpicker.com/product/zTytt6/d-link-dwa-x1850-80211abgnacax-usb-type-a-wi-fi-adapter-dwa-x1850,https://cdna.pcpartpicker.com/static/forever/images/product/df4aabe92dcc590b0015209e886de62a.256p.jpg,Wi-Fi 6,USB Type-A 3.2 Gen 1,,
TP-Link Archer T3U Nano,https://pcpartpicker.com/product/jszhP6/tp-link-archer-t3u-nano-80211abgnac-usb-type-a-wi-fi-adapter-archer-t3u-nano,https://cdna.pcpartpicker.com/static/forever/images/product/3032fab7557adc639a268e0c91db2c75.256p.jpg,Wi-Fi 5,USB Type-A 2.0,Black,16.98
TRENDnet TEW-643PI,https://pcpartpicker.com/product/xHPfrH/trendnet-wireless-network-card-tew643pi,https://m.media-amazon.com/images/I/41d0f3+tcUL.jpg,Wi-Fi 4,PCI,,
D-Link DWA-131,https://pcpartpicker.com/product/wbmLrH/d-link-dwa-131-80211abgn-usb-type-a-wi-fi-adapter-dwa-131,https://cdna.pcpartpicker.com/static/forever/images/product/48f257af8e3c9b2e7ff35f68df3c683b.256p.jpg,Wi-Fi 4,USB Type-A 2.0,,
Asus PCE-AC66,https://pcpartpicker.com/product/qc8Zxr/asus-wireless-network-card-pceac66,https://m.media-amazon.com/images/I/41IJKf6f3LL.jpg,Wi-Fi 5,PCIe x1,,
HP FH971AA,https://pcpartpicker.com/product/mbbp99/hp-wireless-network-card-fh971aa,https://m.media-amazon.com/images/I/415N5VeyW7L.jpg,Wi-Fi 4,PCIe x1,,
Rosewill RNX-N180UBE,https://pcpartpicker.com/product/YM9KHx/rosewill-wireless-network-card-rnxn180ube,https://cdna.pcpartpicker.com/static/forever/images/product/35f3269902d87ecab0bae727d2022d79.256p.jpg,Wi-Fi 4,USB Type-A 2.0,,
Intel 6235AN.HMWWB,https://pcpartpicker.com/product/WM9KHx/intel-wireless-network-card-6235anhmwwb,https://m.media-amazon.com/images/I/51TS6zr5RFL.jpg,Wi-Fi 4,Half Mini-PCIe,,14.00
D-Link DWA-130,https://pcpartpicker.com/product/Lc9KHx/d-link-wireless-network-card-dwa130,https://m.media-amazon.com/images/I/315GQ5fRFeL.jpg,Wi-Fi 4,USB Type-A 2.0,,
D-Link DWA-182,https://pcpartpicker.com/product/BvBv6h/d-link-wireless-network-card-dwa182,https://m.media-amazon.com/images/I/31OCnvawcAL.jpg,Wi-Fi 5,USB Type-A 2.0,,37.39
D-Link DWA-566,https://pcpartpicker.com/product/C8phP6/d-link-wireless-network-card-dwa566,https://m.media-amazon.com/images/I/41IC5ulRiNL.jpg,Wi-Fi 4,PCIe x1,,39.99
Netgear A6200-100NAS,https://pcpartpicker.com/product/np7wrH/netgear-wireless-network-card-a6200100nas,https://m.media-amazon.com/images/I/31JNAQzrPUL.jpg,Wi-Fi 5,USB Type-A 2.0,,22.99
TP-Link TL-WDN3200,https://pcpartpicker.com/product/DHPfrH/tp-link-wireless-network-card-tlwdn3200,https://images-na.ssl-images-amazon.com/images/I/31iDd9I026L.jpg,Wi-Fi 4,USB Type-A 2.0,,89.99
Edimax EW-7822UAC,https://pcpartpicker.com/product/QJ6BD3/edimax-wireless-network-card-ew7822uac,https://m.media-amazon.com/images/I/315mlPOi1ML.jpg,Wi-Fi 5,USB Type-A 3.2 Gen 1,,
Rosewill RNX-AC1200UBE2,https://pcpartpicker.com/product/7gDwrH/rosewill-wireless-network-card-ac1200ube2,https://m.media-amazon.com/images/I/31-x1s0n+SL.jpg,Wi-Fi 5,USB Type-A 3.2 Gen 1,,
Rosewill RNX-AC1200PCE,https://pcpartpicker.com/product/WTdqqs/rosewill-wireless-network-card-rnxac1200pce,/static/forever/img/no-image.png,Wi-Fi 5,PCIe x1,,
Edimax EW-7811UAC,https://pcpartpicker.com/product/NnkD4D/edimax-ew-7811uac-usb-20-80211abgnac-wi-fi-adapter-ew-7811uac,https://cdna.pcpartpicker.com/static/forever/images/product/228f820c33da0154d3496f9dd58af9ed.256p.jpg,Wi-Fi 5,USB Type-A 2.0,,19.98
Asus USB-AC68,https://pcpartpicker.com/product/TBL7YJ/asus-usb-ac68-none-wi-fi-adapter-usb-ac68,https://cdna.pcpartpicker.com/static/forever/images/product/48b91e932a59f876865282b28db2b04d.256p.jpg,Wi-Fi 5,USB Type-A 3.2 Gen 1,,
InFocus INA-WIFIUSB-4,https://pcpartpicker.com/product/G8DJ7P/infocus-ina-wifiusb-4-usb-20-80211bgnac-wi-fi-adapter-ina-wifiusb-4,/static/forever/img/no-image.png,Wi-Fi 5,USB Type-A 2.0,Black,
fenvi FV8303,https://pcpartpicker.com/product/bKn8TW/fenvi-fv8303-pcie-x1-80211abgn-wi-fi-adapter-fv8303,https://m.media-amazon.com/images/I/41h+VmHU5FL.jpg,Wi-Fi 4,PCIe x1,,
Ziyituod ZYT-7265,https://pcpartpicker.com/product/Fgxbt6/ziyituod-zyt-7265-pcie-x1-80211abgnac-wi-fi-adapter-zyt-7265,https://m.media-amazon.com/images/I/41U0ekXZqYL.jpg,Wi-Fi 5,PCIe x1,Green,
Netgear WNDA3100-100NAS,https://pcpartpicker.com/product/bp7wrH/netgear-wireless-network-card-wnda3100100nas,https://cdna.pcpartpicker.com/static/forever/images/product/bffb0525b702e23e9009cf59d4c65516.med.256p.jpg,Wi-Fi 4,USB Type-A 2.0,,
Intel 6235ANHMW,https://pcpartpicker.com/product/7ztCmG/intel-wireless-network-card-6235anhmw,https://m.media-amazon.com/images/I/51TVxLs0AjL.jpg,Wi-Fi 4,Half Mini-PCIe,,
Asus USB-N13,https://pcpartpicker.com/product/Qtzv6h/asus-wireless-network-card-usbn13,https://m.media-amazon.com/images/I/415YOdoxvyL.jpg,Wi-Fi 4,USB Type-A 2.0,,
Rosewill RNX-N150PCe,https://pcpartpicker.com/product/Z6JwrH/rosewill-wireless-network-card-rnxn150pce,https://images-fe.ssl-images-amazon.com/images/I/31DbuFJxPqL.jpg,Wi-Fi 4,PCIe x1,,
Rosewill RNX-N300X,https://pcpartpicker.com/product/fNdqqs/rosewill-wireless-network-card-rnxn300x,https://m.media-amazon.com/images/I/41num1upaDL.jpg,Wi-Fi 4,PCI,,
TRENDnet TEW-703PIL,https://pcpartpicker.com/product/w6Gkcf/trendnet-wireless-network-card-tew703pil,https://images-na.ssl-images-amazon.com/images/I/41gJemIjgjL.jpg,Wi-Fi 4,PCI,,
Belkin E9L3000,https://pcpartpicker.com/product/6vXfrH/belkin-wireless-network-card-e9l3000,https://images-na.ssl-images-amazon.com/images/I/314u2As2L8L.jpg,Wi-Fi 4,USB Type-A 2.0,,
Encore ENUWI-1XN4M,https://pcpartpicker.com/product/2HCwrH/encore-wireless-network-card-enuwi1xn4m,https://m.media-amazon.com/images/I/41uNckdn06L.jpg,Wi-Fi 4,USB Type-A 2.0,,
Patriot PCUSBW1150,https://pcpartpicker.com/product/7KvRsY/patriot-wireless-network-card-pcusbw1150,https://m.media-amazon.com/images/I/31fyKED0r2L.jpg,Wi-Fi 4,USB Type-A 2.0,,
TRENDnet TEW-649UB,https://pcpartpicker.com/product/yX4gXL/trendnet-wireless-network-card-tew649ub,https://m.media-amazon.com/images/I/41YnaX7MqzL.jpg,Wi-Fi 4,USB Type-A 2.0,,49.99
Rosewill N900PCE,https://pcpartpicker.com/product/wR7wrH/rosewill-wireless-network-card-n900pce,https://images-na.ssl-images-amazon.com/images/I/41X1W93FIdL.jpg,Wi-Fi 4,PCIe x1,,
Intel 7260HMW BN,https://pcpartpicker.com/product/mPR48d/intel-wireless-network-card-7260hmwbnwb,https://m.media-amazon.com/images/I/51sbaaH9T8L.jpg,Wi-Fi 4,Mini-PCIe,,
TP-Link TL-WN8200ND,https://pcpartpicker.com/product/MN8Zxr/tp-link-wireless-network-card-tlwn8200nd,https://cdna.pcpartpicker.com/static/forever/images/product/ed579b787047acf12b145d7e1cea911f.256p.jpg,Wi-Fi 4,USB Type-A 2.0,,
Edimax EW-7811Un,https://pcpartpicker.com/product/hHdqqs/edimax-wireless-network-card-ew7811un,https://cdna.pcpartpicker.com/static/forever/images/product/1c4d63339351b3738088cd61d8426cf1.256p.jpg,Wi-Fi 4,USB Type-A 2.0,,
Edimax EW-7128Gn,https://pcpartpicker.com/product/Krdqqs/edimax-wireless-network-card-ew7128gn,https://m.media-amazon.com/images/I/41IL84HB6WL.jpg,Wi-Fi 4,PCI,,
Edimax EW-7612PIn,https://pcpartpicker.com/product/tGrG3C/edimax-wireless-network-card-ew7612pin,https://images-na.ssl-images-amazon.com/images/I/41KrLuEYZ%2BL.jpg,Wi-Fi 4,PCIe x1,,
Hawking Technology HD45U,https://pcpartpicker.com/product/zPw323/hawking-technology-wireless-network-card-hd45u,https://cdna.pcpartpicker.com/static/forever/images/product/83ff9a503c204b43ae3369aeeb8a64e3.256p.jpg,Wi-Fi 4,USB Type-A 2.0,,
Linksys WUSB6300,https://pcpartpicker.com/product/PGrG3C/linksys-wireless-network-card-wusb6300,https://cdna.pcpartpicker.com/static/forever/images/product/c258c05435fa7780178b93654e207376.med.256p.jpg,Wi-Fi 5,USB Type-A 3.2 Gen 1,,
SIIG CN-WR0811-S1,https://pcpartpicker.com/product/HrZQzy/siig-wireless-network-card-cnwr0811s1,https://cdna.pcpartpicker.com/static/forever/images/product/b8d9fc312dade120be6dc59e243db4a4.256p.jpg,Wi-Fi 4,PCIe x1,,
TP-Link TL-WN821N,https://pcpartpicker.com/product/2sdqqs/tp-link-wireless-network-card-tlwn821n,https://m.media-amazon.com/images/I/31G2BxZ0icL.jpg,Wi-Fi 4,USB Type-A 2.0,,
Belkin F9L1002,https://pcpartpicker.com/product/s6kD4D/belkin-wireless-network-card-f9l1002,https://images-na.ssl-images-amazon.com/images/I/31c-f5wFNxL.jpg,Wi-Fi 4,USB Type-A 2.0,,
D-Link DWA-548,https://pcpartpicker.com/product/wXxfrH/d-link-wireless-network-card-pl1154,/static/forever/img/no-image.png,Wi-Fi 4,PCIe x1,,
Edimax EW-7811UTC,https://pcpartpicker.com/product/Qqckcf/edimax-wireless-network-card-ew7811utc,https://images-na.ssl-images-amazon.com/images/I/31fNXA8TtbL.jpg,Wi-Fi 5,USB Type-A 2.0,,17.98
Netgear A6100-100PAS,https://pcpartpicker.com/product/jPR48d/netgear-wireless-network-card-a6100100pas,https://m.media-amazon.com/images/I/41ewZN+zKqL.jpg,Wi-Fi 5,USB Type-A 2.0,,34.00
Intel 7260,https://pcpartpicker.com/product/4v648d/intel-wireless-network-card-7260hmwnbwbr,/static/forever/img/no-image.png,Wi-Fi 4,Mini-PCIe,,
Rosewill RNX-N600PCE_v2.0,https://pcpartpicker.com/product/PYrcCJ/rosewill-rnx-n600pce_v20-none-wi-fi-adapter-rnx-n600pce_v20,https://m.media-amazon.com/images/I/41dGJho9roL.jpg,Wi-Fi 4,PCIe x1,,27.95
Syba SY-PEX23063,https://pcpartpicker.com/product/WwVBD3/syba-sy-pex23063-none-wi-fi-adapter-sy-pex23063,https://m.media-amazon.com/images/I/41hMaLOy+VL.jpg,Wi-Fi 4,PCIe x1,,
Rosewill RNX-N150NUB,https://pcpartpicker.com/product/WnH48d/rosewill-rnx-n150nub-none-wi-fi-adapter-rnx-n150nub,https://cdna.pcpartpicker.com/static/forever/images/product/5a619bd2897191c72fbcaf2b1051610a.256p.jpg,Wi-Fi 4,USB Type-A 2.0,,
TRENDnet TEW-807ECH,https://pcpartpicker.com/product/hJbkcf/trendnet-tew-807ech-none-wi-fi-adapter-tew-807ech,https://images-eu.ssl-images-amazon.com/images/I/41NQHNvQUtL.jpg,Wi-Fi 5,PCIe x1,,44.99
Feb Smart FS-N600 Basic Edition,https://pcpartpicker.com/product/fP7v6h/feb-smart-fs-n600-basic-edition-none-wi-fi-adapter-fs-n600-basic-edition,/static/forever/img/no-image.png,Wi-Fi 5,PCIe x1,,
AVM FRITZ! WLAN Stick AC 430 MU-MIMO,https://pcpartpicker.com/product/dJPKHx/avm-fritz-wlan-stick-ac-430-mu-mimo-none-wi-fi-adapter-20002766,https://m.media-amazon.com/images/I/21Gv-etD4oL.jpg,Wi-Fi 5,USB Type-A 2.0,White / Red,
Rosewill RNX-AC600PCEv3,https://pcpartpicker.com/product/y8BTwP/rosewill-rnx-ac600pcev3-none-wi-fi-adapter-rnx-ac600pcev3,https://cdna.pcpartpicker.com/static/forever/images/product/4491528bd1be39c9b6e87378b1a4a328.256p.jpg,Wi-Fi 5,PCIe x1,Black,
BrosTrend AC1L,https://pcpartpicker.com/product/PHYLrH/brostrend-ac1l-none-wi-fi-adapter-ac1l,https://m.media-amazon.com/images/I/211ThE2ZgRL.jpg,Wi-Fi 5,USB Type-A 3.2 Gen 1,Black,27.99
Linksys WUSB6100M,https://pcpartpicker.com/product/XTKcCJ/linksys-wusb6100m-usb-30-80211abgnac-wi-fi-adapter-wusb6100m,https://cdna.pcpartpicker.com/static/forever/images/product/ac71a89c2eab3a2c81fe1bea7008ef71.256p.jpg,Wi-Fi 5,USB Type-A 3.2 Gen 1,Black,39.99
HP 8265,https://pcpartpicker.com/product/rzQG3C/hp-8265-pcie-x1-80211abgnac-wi-fi-adapter-1ql48aa,https://cdna.pcpartpicker.com/static/forever/images/product/cea3c8978ff7ac2b63f8ed97b9be8ab4.256p.jpg,Wi-Fi 5,PCIe x1,Green / Black,
HP 9260,https://pcpartpicker.com/product/hrdxFT/hp-9260-pcie-x1-80211abgnac-wi-fi-adapter-3tk89at,https://cdna.pcpartpicker.com/static/forever/images/product/342a9eb06fa28c9828ef2a568266f52e.256p.jpg,Wi-Fi 5,PCIe x1,Green / Black,
Sabrent USB-802N,https://pcpartpicker.com/product/FWx2FT/sabrent-usb-802n-usb-20-80211bgn-wi-fi-adapter-usb-802n,https://cdna.pcpartpicker.com/static/forever/images/product/406560a3dbdd8ba911524f52d2c03b3b.256p.jpg,Wi-Fi 4,USB Type-A 2.0,Black,29.99
Netgear A6150-100PAS,https://pcpartpicker.com/product/mysmP6/netgear-a6150-100pas-usb-20-80211abgnac-wi-fi-adapter-a6150-100pas,https://cdna.pcpartpicker.com/static/forever/images/product/bf2bbc770e5e6d486041fdbbdd3088f1.256p.jpg,Wi-Fi 5,USB Type-A 2.0,Black,24.99
Rosewill RNX-AC1300PCEv2,https://pcpartpicker.com/product/CWpzK8/rosewill-rnx-ac1300pcev2-80211abgnac-pcie-x1-wi-fi-adapter-rnx-ac1300pcev2,https://m.media-amazon.com/images/I/31dswobBfSL.jpg,Wi-Fi 5,PCIe x1,Black,
Rosewill RNX-AC3000,https://pcpartpicker.com/product/vkxbt6/rosewill-rnx-ac3000-80211abgnacax-pcie-x1-wi-fi-adapter-rnx-ac3000,/static/forever/img/no-image.png,Wi-Fi 6,PCIe x1,Black,
TP-Link TL-WN751ND,https://pcpartpicker.com/product/NmXfrH/tp-link-wireless-network-card-tlwn751nd,https://cdna.pcpartpicker.com/static/forever/images/product/8fb6cb116f0cdf1f93b5167b991c0dc0.256p.jpg,Wi-Fi 4,PCI,,57.99
Linksys AE3000,https://pcpartpicker.com/product/NQmLrH/linksys-wireless-network-card-ae3000,https://m.media-amazon.com/images/I/41z+fm3QTUL.jpg,Wi-Fi 4,USB Type-A 2.0,,39.99
D-Link DWA-121,https://pcpartpicker.com/product/wYvRsY/d-link-wireless-network-card-dwa121,https://cdna.pcpartpicker.com/static/forever/images/product/f591f26a5ccf3b89a02b3345db227a89.256p.jpg,Wi-Fi 4,USB Type-A 2.0,,
TRENDnet TEW-664UB,https://pcpartpicker.com/product/K94gXL/trendnet-wireless-network-card-tew664ub,https://images-na.ssl-images-amazon.com/images/I/41d8TZ%2BNYjL.jpg,Wi-Fi 4,USB Type-A 2.0,,49.99
Hawking Technology HW12ACU,https://pcpartpicker.com/product/dRc48d/hawking-technology-hw12acu-usb-20-wi-fi-adapter-hw12acu,https://cdna.pcpartpicker.com/static/forever/images/product/99525d2c94fe1b45be51cfaf8691489f.256p.jpg,Wi-Fi 5,USB Type-A 2.0,Black,54.09
Asus USB-N10,https://pcpartpicker.com/product/KYkD4D/asus-wireless-network-card-usbn10,https://m.media-amazon.com/images/I/417UvHw3CHL.jpg,Wi-Fi 4,USB Type-A 2.0,,
Belkin F7D2102,https://pcpartpicker.com/product/v8DwrH/belkin-wireless-network-card-f7d2102,https://m.media-amazon.com/images/I/41Yw+6x3S-L.jpg,Wi-Fi 4,USB Type-A 2.0,,
Belkin B2N002,https://pcpartpicker.com/product/TvXfrH/belkin-wireless-network-card-b2n002,/static/forever/img/no-image.png,Wi-Fi 4,USB Type-A 2.0,,
Encore ENEWI-1XN42,https://pcpartpicker.com/product/kFvRsY/encore-wireless-network-card-enewi1xn42,https://m.media-amazon.com/images/I/31OcdcUOMAL.jpg,Wi-Fi 4,PCIe x1,,
Encore ENUWI-G2,https://pcpartpicker.com/product/MsDwrH/encore-wireless-network-card-enuwig2,https://m.media-amazon.com/images/I/31+4Tu32FxL.jpg,Wi-Fi 3,USB Type-A 2.0,,
IOGEAR GWU625,https://pcpartpicker.com/product/CTQypg/iogear-wireless-network-card-gwu625,https://m.media-amazon.com/images/I/41GOo6gW8aL.jpg,Wi-Fi 4,USB Type-A 2.0,,
Intel 2200BNHMWDTX1G,https://pcpartpicker.com/product/k4ckcf/intel-wireless-network-card-2200bnhmwdtx1g,https://m.media-amazon.com/images/I/318+Oqh2WTL.jpg,Wi-Fi 4,PCIe x1,,
Intel 633AN.HMWWB,https://pcpartpicker.com/product/kkphP6/intel-wireless-network-card-633anhmwwb,https://m.media-amazon.com/images/I/51TS6zr5RFL.jpg,Wi-Fi 4,Half Mini-PCIe,,
Rosewill RNX-MiniN2(RWLD-11002),https://pcpartpicker.com/product/zqjG3C/rosewill-wireless-network-card-rnxminin2rwld11002,/static/forever/img/no-image.png,Wi-Fi 4,USB Type-A 2.0,,
Rosewill RNX-N150PCx,https://pcpartpicker.com/product/B2JwrH/rosewill-wireless-network-card-rnxn150pcx,https://m.media-amazon.com/images/I/41Mb6y2O7ML.jpg,Wi-Fi 4,PCI,,
Rosewill RNX-N150UBE,https://pcpartpicker.com/product/4rNp99/rosewill-wireless-network-card-rnxn150ube,https://m.media-amazon.com/images/I/315nJlQbRfL.jpg,Wi-Fi 4,USB Type-A 2.0,,
Rosewill RNX-N180UB,https://pcpartpicker.com/product/nmw323/rosewill-wireless-network-card-rnxn180ub,https://m.media-amazon.com/images/I/31A1-li+jML.jpg,Wi-Fi 4,USB Type-A 2.0,,
Rosewill RNX-N250UBE,https://pcpartpicker.com/product/cJckcf/rosewill-wireless-network-card-rnxn250ube,https://m.media-amazon.com/images/I/31osgzPXDgL.jpg,Wi-Fi 4,USB Type-A 2.0,,
StarTech USB300WN2X2D,https://pcpartpicker.com/product/YvXfrH/startech-usb300wn2x2d-usb-20-80211abgn-wi-fi-adapter-usb300wn2x2d,https://images-na.ssl-images-amazon.com/images/I/31YMRzrDhcL.jpg,Wi-Fi 4,USB Type-A 2.0,,
Syba CL-ADA23032,https://pcpartpicker.com/product/wxphP6/syba-wireless-network-card-clada23032,https://images-na.ssl-images-amazon.com/images/I/31XrXFg38-L.jpg,Wi-Fi 4,USB Type-A 2.0,,
Syba CL-ADA24004,https://pcpartpicker.com/product/4xphP6/syba-wireless-network-card-clada24004,https://m.media-amazon.com/images/I/31E++oQbfYL.jpg,Wi-Fi 4,USB Type-A 2.0,,
Syba SY-ADA23026,https://pcpartpicker.com/product/Mjdqqs/syba-wireless-network-card-syada23026,https://m.media-amazon.com/images/I/314QoVZefmL.jpg,Wi-Fi 4,USB Type-A 2.0,,
TRENDnet TEW-648UB,https://pcpartpicker.com/product/dX4gXL/trendnet-wireless-network-card-tew648ub,https://cdna.pcpartpicker.com/static/forever/images/product/defc7fc45e294e75f3e47d4d86329e49.256p.jpg,Wi-Fi 4,USB Type-A 2.0,,
TRENDnet TEW-648UBM,https://pcpartpicker.com/product/CbmLrH/trendnet-wireless-network-card-tew648ubm,https://m.media-amazon.com/images/I/411zCSrzIfL.jpg,Wi-Fi 4,USB Type-A 2.0,,
TRENDnet TEW-646UBH,https://pcpartpicker.com/product/cYvRsY/trendnet-wireless-network-card-tew646ubh,https://m.media-amazon.com/images/I/31pO4JYs4pL.jpg,Wi-Fi 4,USB Type-A 2.0,,
TRENDnet TEW-703PI,https://pcpartpicker.com/product/D2vRsY/trendnet-wireless-network-card-tew703pi,https://images-na.ssl-images-amazon.com/images/I/41oGNsTC0-L.jpg,Wi-Fi 4,PCI,,
Rosewill N900UBE,https://pcpartpicker.com/product/fM9KHx/rosewill-wireless-network-card-n900ube,/static/forever/img/no-image.png,Wi-Fi 4,USB Type-A 2.0,,
Intel 62205AN.HMWWB,https://pcpartpicker.com/product/r9kD4D/intel-wireless-network-card-62205anhmwwb,https://m.media-amazon.com/images/I/61hjACw9adL.jpg,Wi-Fi 4,Half Mini-PCIe,,
Asus PCE-N53,https://pcpartpicker.com/product/Fc8Zxr/asus-wireless-network-card-pcen53,https://cdna.pcpartpicker.com/static/forever/images/product/aa815700c987a6a0236e1028c3ce1904.256p.jpg,Wi-Fi 4,PCIe x1,,
Asus USB-N66,https://pcpartpicker.com/product/M9kD4D/asus-wireless-network-card-usbn66,https://m.media-amazon.com/images/I/41PWpcfsOtL.jpg,Wi-Fi 4,USB Type-A 2.0,,
Linksys AE2500,https://pcpartpicker.com/product/fHPfrH/linksys-wireless-network-card-ae2500,https://cdna.pcpartpicker.com/static/forever/images/product/9f3557c36163eedf7a90a5ab5554aeef.med.256p.jpg,Wi-Fi 4,USB Type-A 2.0,,37.99
Linksys AE1200-NP,https://pcpartpicker.com/product/GGphP6/linksys-wireless-network-card-ae1200np,https://cdna.pcpartpicker.com/static/forever/images/product/f82b9d437177829db7a92dfea74db8b0.med.256p.jpg,Wi-Fi 4,USB Type-A 2.0,,
Linksys AE1200,https://pcpartpicker.com/product/nHPfrH/linksys-wireless-network-card-ae1200,https://m.media-amazon.com/images/I/31XW7GQ+byL.jpg,Wi-Fi 4,USB Type-A 2.0,,29.99
Rosewill RNWD-N1501UB,https://pcpartpicker.com/product/DG9KHx/rosewill-wireless-network-card-rnwdn1501ub,https://images-eu.ssl-images-amazon.com/images/I/31yjLMlwXZL.jpg,Wi-Fi 4,USB Type-A 2.0,,
Linksys AE3000-NP,https://pcpartpicker.com/product/MZV48d/linksys-wireless-network-card-ae3000np,https://cdna.pcpartpicker.com/static/forever/images/product/2834458d90be63235c581b8dcdac14c2.med.256p.jpg,Wi-Fi 4,USB Type-A 2.0,,
Rosewill RNX-N250PC2,https://pcpartpicker.com/product/nYkD4D/rosewill-wireless-network-card-rnxn250pc2,https://m.media-amazon.com/images/I/318X2P+1weL.jpg,Wi-Fi 4,PCI,,
Rosewill RNX-N150HG,https://pcpartpicker.com/product/s9kD4D/rosewill-wireless-network-card-rnxn150hg,https://images-eu.ssl-images-amazon.com/images/I/318oUt6qWeL.jpg,Wi-Fi 4,USB Type-A 2.0,,
Linksys AE2500-NP,https://pcpartpicker.com/product/4qCwrH/linksys-wireless-network-card-ae2500np,https://m.media-amazon.com/images/I/41gHpsG+OrL.jpg,Wi-Fi 4,USB Type-A 2.0,,
Rosewill RNWD-N1502UBE,https://pcpartpicker.com/product/ML3RsY/rosewill-wireless-network-card-rnwdn1502ube,https://m.media-amazon.com/images/I/21hgy6KSEoL.jpg,Wi-Fi 4,USB Type-A 2.0,,
Belkin E9L1500,https://pcpartpicker.com/product/j8DwrH/belkin-wireless-network-card-e9l1500,/static/forever/img/no-image.png,Wi-Fi 4,USB Type-A 2.0,,
Belkin E9L6000,https://pcpartpicker.com/product/ZnxfrH/belkin-wireless-network-card-e9l6000,https://images-na.ssl-images-amazon.com/images/I/31NLMpyy9mL.jpg,Wi-Fi 4,USB Type-A 2.0,,
Belkin E9L7500,https://pcpartpicker.com/product/BQrG3C/belkin-wireless-network-card-e9l7500,https://m.media-amazon.com/images/I/41lub5yx-9L.jpg,Wi-Fi 4,USB Type-A 2.0,,
Diamond WL700NXS,https://pcpartpicker.com/product/Vjdqqs/diamond-wireless-network-card-wl700nxs,https://images-na.ssl-images-amazon.com/images/I/21mK19S9SaL.jpg,Wi-Fi 4,USB Type-A 2.0,,
Encore ENUWI-1XN42,https://pcpartpicker.com/product/DYkD4D/encore-wireless-network-card-enuwi1xn42,/static/forever/img/no-image.png,Wi-Fi 4,USB Type-A 2.0,,
Encore ENUWI-1XN45,https://pcpartpicker.com/product/rTQypg/encore-wireless-network-card-enuwi1xn45,/static/forever/img/no-image.png,Wi-Fi 4,USB Type-A 2.0,,
Encore ENUWI-2XN42,https://pcpartpicker.com/product/xXDwrH/encore-wireless-network-card-enuwi2xn42,/static/forever/img/no-image.png,Wi-Fi 4,USB Type-A 2.0,,
Encore ENUWI-2XN45,https://pcpartpicker.com/product/mYkD4D/encore-wireless-network-card-enuwi2xn45,https://m.media-amazon.com/images/I/11cljtdN4TL.jpg,Wi-Fi 4,USB Type-A 2.0,,
IOGEAR GWU627W6,https://pcpartpicker.com/product/sTQypg/iogear-wireless-network-card-gwu627w6,https://cdna.pcpartpicker.com/static/forever/images/product/198bdf2ca10c632dcda5657030e27785.256p.jpg,Wi-Fi 4,USB Type-A 2.0,,
Intel 2200BNHMWDTX1,https://pcpartpicker.com/product/2qjG3C/intel-wireless-network-card-2200bnhmwdtx1,https://m.media-amazon.com/images/I/31RRq12u7jL.jpg,Wi-Fi 4,PCIe x1,,
TRENDnet TEW-684UB,https://pcpartpicker.com/product/J8phP6/trendnet-wireless-network-card-tew684ub,https://m.media-amazon.com/images/I/41qoSaxgQRL.jpg,Wi-Fi 4,USB Type-A 2.0,,
Encore ENEWI-1XN45,https://pcpartpicker.com/product/GQrG3C/encore-wireless-network-card-enewi1xn45,https://m.media-amazon.com/images/I/21XwwC3JwXL.jpg,Wi-Fi 4,PCIe x1,,
Encore ENEWI-2XN42,https://pcpartpicker.com/product/wWFPxr/encore-wireless-network-card-enewi2xn42,https://m.media-amazon.com/images/I/411MzdwetLL.jpg,Wi-Fi 4,PCIe x1,,
Encore ENEWI-2XN45,https://pcpartpicker.com/product/8nxfrH/encore-wireless-network-card-enewi2xn45,https://m.media-amazon.com/images/I/31nV4aMjmaL.jpg,Wi-Fi 4,PCIe x1,,
Rosewill N600PCE,https://pcpartpicker.com/product/GrNp99/rosewill-wireless-network-card-n600pce,https://m.media-amazon.com/images/I/31jN3dnvomL.jpg,Wi-Fi 4,PCIe x1,,
TRENDnet TEW-623PI,https://pcpartpicker.com/product/P3Lypg/trendnet-wireless-network-card-tew623pi,https://images-na.ssl-images-amazon.com/images/I/417P7kFuxqL.jpg,Wi-Fi 4,PCI,,
D-Link DWA-125,https://pcpartpicker.com/product/Wc9KHx/d-link-wireless-network-card-dwa125,https://images-na.ssl-images-amazon.com/images/I/31CDJvQVpIL.jpg,Wi-Fi 4,USB Type-A 2.0,,44.99
D-Link DWA-160,https://pcpartpicker.com/product/W94gXL/d-link-wireless-network-card-dwa160,https://cdna.pcpartpicker.com/static/forever/images/product/5cbaa82e5d6a812260e996c176074c0c.256p.jpg,Wi-Fi 4,USB Type-A 2.0,,36.99
D-Link DWA-548,https://pcpartpicker.com/product/cx8Zxr/d-link-wireless-network-card-dwa548,https://m.media-amazon.com/images/I/41t6kzhQbwL.jpg,Wi-Fi 4,PCIe x1,,
Netgear WN311B-100NAS,https://pcpartpicker.com/product/6BXfrH/netgear-wireless-network-card-wn311b100nas,https://cdna.pcpartpicker.com/static/forever/images/product/de50e0cc64e2e005a1af2b9e3d14d551.med.256p.jpg,Wi-Fi 4,PCI,,
Netgear WNA1000M-100ENS,https://pcpartpicker.com/product/PJJwrH/netgear-wireless-network-card-wna1000m100ens,https://cdna.pcpartpicker.com/static/forever/images/product/da4bf04a658883aa9fc57589f7627ad7.256p.jpg,Wi-Fi 4,USB Type-A 2.0,,
Netgear WNA3100-100ENS,https://pcpartpicker.com/product/JnPfrH/netgear-wireless-network-card-wna3100100ens,https://images-na.ssl-images-amazon.com/images/I/31NBdpvpiyL.jpg,Wi-Fi 4,USB Type-A 2.0,,
Netgear WNA3100M-100ENS,https://pcpartpicker.com/product/YdyFf7/netgear-wireless-network-card-wna3100m100ens,https://cdna.pcpartpicker.com/static/forever/images/product/a52a10f3c4969a1ba99274ef9742b3a1.256p.jpg,Wi-Fi 4,USB Type-A 2.0,,
Netgear WNDA4100-100NAS,https://pcpartpicker.com/product/dbmLrH/netgear-wireless-network-card-wnda4100100nas,https://cdna.pcpartpicker.com/static/forever/images/product/88136a1ed2f17bf56ca7eef7f729412a.med.256p.jpg,Wi-Fi 4,USB Type-A 2.0,,
TP-Link TL-WDN3800,https://pcpartpicker.com/product/LTGkcf/tp-link-wireless-network-card-tlwdn3800,https://m.media-amazon.com/images/I/417r06WpuNL.jpg,Wi-Fi 4,PCIe x1,,
TP-Link TL-WN350GD,https://pcpartpicker.com/product/cKzv6h/tp-link-wireless-network-card-tlwn350gd,https://images-na.ssl-images-amazon.com/images/I/41xxROulJbL.jpg,Wi-Fi 3,PCI,,
TP-Link TL-WN723N,https://pcpartpicker.com/product/HgvRsY/tp-link-wireless-network-card-tlwn723n,https://images-na.ssl-images-amazon.com/images/I/31l6YgHzDYL.jpg,Wi-Fi 4,USB Type-A 2.0,,
TP-Link TL-WN727N,https://pcpartpicker.com/product/J94gXL/tp-link-wireless-network-card-tlwn727n,https://images-na.ssl-images-amazon.com/images/I/31QL1nxdMIL.jpg,Wi-Fi 4,USB Type-A 2.0,,
Intel 105,https://pcpartpicker.com/product/dMjG3C/intel-wireless-network-card-105bnhmwwb,https://images-na.ssl-images-amazon.com/images/I/51eQWNx1XIL.jpg,Wi-Fi 4,Mini-PCIe,,
Intel 135,https://pcpartpicker.com/product/DtvRsY/intel-wireless-network-card-135bnhmwwb,/static/forever/img/no-image.png,Wi-Fi 4,Mini-PCIe,,
Intel 2200BNHMW,https://pcpartpicker.com/product/4TGkcf/intel-wireless-network-card-2200bnhmwwb,/static/forever/img/no-image.png,Wi-Fi 4,Mini-PCIe,,
Intel 7260HMW,https://pcpartpicker.com/product/8T6BD3/intel-wireless-network-card-7260hmwanwb,https://m.media-amazon.com/images/I/413dO3X50tL.jpg,Wi-Fi 4,Mini-PCIe,,
Linksys AE6000,https://pcpartpicker.com/product/4MjG3C/linksys-wireless-network-card-ae6000,https://cdna.pcpartpicker.com/static/forever/images/product/1fac45509ff948cb79871f13c65ebe80.med.256p.jpg,Wi-Fi 5,USB Type-A 2.0,,
Orico ORICO WRA150,https://pcpartpicker.com/product/2k2kcf/orico-wireless-network-card-oricowra150,/static/forever/img/no-image.png,Wi-Fi 4,USB Type-A 2.0,,
Orico ORICO WRB150,https://pcpartpicker.com/product/rGphP6/orico-wireless-network-card-oricowrb150bk,https://cdna.pcpartpicker.com/static/forever/images/product/95fd3f86332d30f08d83f3814d8f50ba.med.256p.jpg,Wi-Fi 4,USB Type-A 2.0,,
Orico ORICO WRB150,https://pcpartpicker.com/product/kDPfrH/orico-wireless-network-card-oricowrb150wh,https://cdna.pcpartpicker.com/static/forever/images/product/04410726da137077bb53fbc1686d481a.med.256p.jpg,Wi-Fi 4,USB Type-A 2.0,,
Orico ORICO WRD150,https://pcpartpicker.com/product/GC7wrH/orico-wireless-network-card-oricowrd150,https://cdna.pcpartpicker.com/static/forever/images/product/2b7bb6cf09a0638eb3a3ff421f879bbb.med.256p.jpg,Wi-Fi 4,USB Type-A 2.0,,
Orico WRD150BLK,https://pcpartpicker.com/product/rGrG3C/orico-wireless-network-card-wrd150blk,https://cdna.pcpartpicker.com/static/forever/images/product/35ae99c2ab6a69f6998f04f43dc339dd.med.256p.jpg,Wi-Fi 4,USB Type-A 2.0,,
Samsung WIS12ABGNX/XAA,https://pcpartpicker.com/product/RFQypg/samsung-wireless-network-card-wis12abgnxxaa,/static/forever/img/no-image.png,Wi-Fi 4,USB Type-A 2.0,,
StarTech PCI300WN2X2,https://pcpartpicker.com/product/Mmbp99/startech-wireless-network-card-pci300wn2x2,https://cdna.pcpartpicker.com/static/forever/images/product/d42dfe04446d82c95fde33ad07b0f8e0.256p.jpg,Wi-Fi 4,PCI,,
TP-Link TL-WN7200ND,https://pcpartpicker.com/product/yzJwrH/tp-link-wireless-network-card-tlwn7200nd,https://m.media-amazon.com/images/I/319IHPkl-ML.jpg,Wi-Fi 4,USB Type-A 2.0,,
TRENDnet TEW-624UB,https://pcpartpicker.com/product/rMzv6h/trendnet-wireless-network-card-tew624ub,https://m.media-amazon.com/images/I/41-YaLhoJhL.jpg,Wi-Fi 4,USB Type-A 2.0,,
TRENDnet TEW-805UB,https://pcpartpicker.com/product/LwxfrH/trendnet-wireless-network-card-tew805ub,https://m.media-amazon.com/images/I/410pNP1fJbL.jpg,Wi-Fi 5,USB Type-A 3.2 Gen 1,,
D-Link DWA-162,https://pcpartpicker.com/product/hLMFf7/d-link-wireless-network-card-dwa162,https://m.media-amazon.com/images/I/31K4Y1qqtlL.jpg,Wi-Fi 4,USB Type-A 2.0,,15.99
D-Link DWA-171,https://pcpartpicker.com/product/B3rG3C/d-link-wireless-network-card-dwa171,https://cdna.pcpartpicker.com/static/forever/images/product/85c2a58e004600dd6eb106009044b43b.256p.jpg,Wi-Fi 5,USB Type-A 2.0,,36.00
D-Link DWA-525,https://pcpartpicker.com/product/tGphP6/d-link-wireless-network-card-dwa525,https://cdna.pcpartpicker.com/static/forever/images/product/4271547010b62c87c32fb85a1795ba87.256p.jpg,Wi-Fi 4,PCI,,
Edimax EW-7711USN,https://pcpartpicker.com/product/ggkD4D/edimax-wireless-network-card-ew7711usn,https://m.media-amazon.com/images/I/31jrZcrei0L.jpg,Wi-Fi 4,USB Type-A 2.0,,
Edimax EW-7722In,https://pcpartpicker.com/product/qFQypg/edimax-wireless-network-card-ew7722in,https://images-na.ssl-images-amazon.com/images/I/41GTiG6gHFL.jpg,Wi-Fi 4,PCI,,
Edimax EW-7722UTn,https://pcpartpicker.com/product/mtPfrH/edimax-wireless-network-card-ew7722utn,https://cdna.pcpartpicker.com/static/forever/images/product/0b35fc669edb20a15cd3558ad560fed4.256p.jpg,Wi-Fi 4,USB Type-A 2.0,,
Asus USB-AC53,https://pcpartpicker.com/product/2p7wrH/asus-wireless-network-card-usbac53,https://cdna.pcpartpicker.com/static/forever/images/product/159e8a57f2c36d8e07726c3326741965.256p.jpg,Wi-Fi 5,USB Type-A 2.0,,
Edimax EW-7722PnD,https://pcpartpicker.com/product/FVMFf7/edimax-wireless-network-card-ew7722pnd,https://images-na.ssl-images-amazon.com/images/I/31S0UQps5HL.jpg,Wi-Fi 4,PCIe x1,,
Edimax EW-7722UnD,https://pcpartpicker.com/product/VNK7YJ/edimax-wireless-network-card-ew7722und,https://m.media-amazon.com/images/I/31h194ZPLqL.jpg,Wi-Fi 4,USB Type-A 2.0,,
Hawking Technology HAWNU1,https://pcpartpicker.com/product/TMzv6h/hawking-technology-wireless-network-card-hawnu1,https://cdna.pcpartpicker.com/static/forever/images/product/b72909c6cbc78f7dda1374a35f9c9d34.256p.jpg,Wi-Fi 4,USB Type-A 2.0,,
Hawking Technology HAWNU2,https://pcpartpicker.com/product/BqCwrH/hawking-technology-wireless-network-card-hawnu2,https://images-na.ssl-images-amazon.com/images/I/31BOqPufg1L.jpg,Wi-Fi 4,USB Type-A 2.0,,
Hawking Technology HWDN3,https://pcpartpicker.com/product/MMjG3C/hawking-technology-wireless-network-card-hwdn3,https://cdna.pcpartpicker.com/static/forever/images/product/45b89b62b4f96d6920adf79bf4a709bc.med.256p.jpg,Wi-Fi 4,USB Type-A 2.0,,
Hawking Technology HWUG1,https://pcpartpicker.com/product/r4H323/hawking-technology-wireless-network-card-hwug1,https://images-na.ssl-images-amazon.com/images/I/41rzkbw%2B1NL.jpg,Wi-Fi 3,USB Type-A 2.0,,
Hawking Technology HWUN4,https://pcpartpicker.com/product/Zc9KHx/hawking-technology-wireless-network-card-hwun4,https://m.media-amazon.com/images/I/41dNRENeObL.jpg,Wi-Fi 4,USB Type-A 2.0,,
IOGEAR GWU523,https://pcpartpicker.com/product/Qch9TW/iogear-wireless-network-card-gwu523,/static/forever/img/no-image.png,Wi-Fi 3,USB Type-A 2.0,,
Patriot PCBOWAU2-N,https://pcpartpicker.com/product/XQmLrH/patriot-wireless-network-card-pcbowau2n,https://m.media-amazon.com/images/I/31hiTvBGWnL.jpg,Wi-Fi 4,USB Type-A 2.0,,
Rosewill RNX-G300EX,https://pcpartpicker.com/product/99V48d/rosewill-wireless-network-card-rnxg300ex,/static/forever/img/no-image.png,Wi-Fi 3,PCI,,
TP-Link TL-WN721N,https://pcpartpicker.com/product/RWg323/tp-link-wireless-network-card-tlwn721n,https://cdna.pcpartpicker.com/static/forever/images/product/9d6a00fd98559a9bf0b777418019ea64.256p.jpg,Wi-Fi 4,USB Type-A 2.0,,
Belkin F9L1001,https://pcpartpicker.com/product/qRQypg/belkin-wireless-network-card-f9l1001,https://m.media-amazon.com/images/I/31B+HDsBYzL.jpg,Wi-Fi 4,USB Type-A 2.0,,
Belkin F9L1103,https://pcpartpicker.com/product/cQXfrH/belkin-wireless-network-card-f9l1103,https://m.media-amazon.com/images/I/41wumOdF0fL.jpg,Wi-Fi 4,USB Type-A 2.0,,
Belkin F9L1109-OM,https://pcpartpicker.com/product/CB2kcf/belkin-wireless-network-card-f9l1109om,/static/forever/img/no-image.png,Wi-Fi 5,USB Type-A 3.2 Gen 1,,
Buffalo Technology WI-U2-300D,https://pcpartpicker.com/product/MqTmP6/buffalo-technology-wireless-network-card-wiu2300d,https://images-na.ssl-images-amazon.com/images/I/41SVrXddofL.jpg,Wi-Fi 4,USB Type-A 2.0,,
Asus USB-AC56,https://pcpartpicker.com/product/dmYXsY/asus-wireless-network-card-usbac56,https://cdna.pcpartpicker.com/static/forever/images/product/de16c7216e8633e97eac8c57c933aac6.256p.jpg,Wi-Fi 5,USB Type-A 3.2 Gen 1,,
Belkin F7D1102,https://pcpartpicker.com/product/Jg2kcf/belkin-f7d1102-usb-20-80211abgn-wi-fi-adapter-f7d1102,https://images-na.ssl-images-amazon.com/images/I/41U0%2B2pjHOL.jpg,Wi-Fi 4,USB Type-A 2.0,,
Buffalo Technology WI-U2-433DM,https://pcpartpicker.com/product/wT6BD3/buffalo-technology-wireless-network-card-wiu2433dm,https://m.media-amazon.com/images/I/41x7xFc9rGL.jpg,Wi-Fi 5,USB Type-A 2.0,,
Cisco AM10,https://pcpartpicker.com/product/c7zv6h/cisco-wireless-network-card-am10,https://cdna.pcpartpicker.com/static/forever/images/product/d742cecb9a226c5e8583eb69b7e606fb.256p.jpg,Wi-Fi 4,USB Type-A 2.0,,
D-Link N69506,https://pcpartpicker.com/product/dYn2FT/d-link-wireless-network-card-n69506,https://cdna.pcpartpicker.com/static/forever/images/product/cd479d1bf621d9dde3ace3ebf904d96a.med.256p.jpg,Wi-Fi 4,USB Type-A 2.0,,
Encore ENLWI-N3,https://pcpartpicker.com/product/PdsKHx/encore-wireless-network-card-enlwin3,/static/forever/img/no-image.png,Wi-Fi 4,PCI,,
Linksys WUSB600N,https://pcpartpicker.com/product/LKYXsY/linksys-wireless-network-card-wusb600n,https://cdna.pcpartpicker.com/static/forever/images/product/b507fee6c8117201407b53dbb8f3d2a2.256p.jpg,Wi-Fi 4,USB Type-A 2.0,,34.99
Rosewill AC1200UBE,https://pcpartpicker.com/product/Zs9KHx/rosewill-wireless-network-card-ac1200ube,https://images-na.ssl-images-amazon.com/images/I/31N1tH4hYiL.jpg,Wi-Fi 5,USB Type-A 3.2 Gen 1,,
SIIG JU-WR0012-S1,https://pcpartpicker.com/product/jRQypg/siig-wireless-network-card-juwr0012s1,https://images-na.ssl-images-amazon.com/images/I/31No1aTAERL.jpg,Wi-Fi 4,USB Type-A 2.0,,
SIIG JU-WR0212-S1,https://pcpartpicker.com/product/Bz2kcf/siig-wireless-network-card-juwr0212s1,https://images-na.ssl-images-amazon.com/images/I/31K0BB1l5UL.jpg,Wi-Fi 4,USB Type-A 2.0,,
TRENDnet TEW-804UB,https://pcpartpicker.com/product/pz2kcf/trendnet-wireless-network-card-tew804ub,https://images-na.ssl-images-amazon.com/images/I/41E9dXnE2XL.jpg,Wi-Fi 5,USB Type-A 2.0,,
Asus USB-AC51,https://pcpartpicker.com/product/G2tCmG/asus-wireless-network-card-usbac51,https://cdna.pcpartpicker.com/static/forever/images/product/51f3081863e85348fdd81becdeb3ea64.256p.jpg,Wi-Fi 5,USB Type-A 2.0,,
SIIG JU-WR0112-S1,https://pcpartpicker.com/product/HYn2FT/siig-wireless-network-card-juwr0112s1,https://m.media-amazon.com/images/I/31w5fGzO0ZL.jpg,Wi-Fi 4,USB Type-A 2.0,,
TP-Link TL-WDN4200,https://pcpartpicker.com/product/jpyFf7/tp-link-wireless-network-card-tlwdn4200,https://m.media-amazon.com/images/I/31MXV0LvTlL.jpg,Wi-Fi 4,USB Type-A 2.0,,
Cisco AE3000,https://pcpartpicker.com/product/Jcdqqs/cisco-wireless-network-card-ae3000,https://cdna.pcpartpicker.com/static/forever/images/product/4e6686a9e89dfdc688b31d454b440a4f.med.256p.jpg,Wi-Fi 4,USB Type-A 2.0,,
Intel 6205,https://pcpartpicker.com/product/khR48d/intel-wireless-network-card-62205anhmwg,https://cdna.pcpartpicker.com/static/forever/images/product/52ddaf0e063e255a2cd1974e70428929.256p.jpg,Wi-Fi 4,Mini-PCIe,,
Intel 6235ANHMW,https://pcpartpicker.com/product/M7kD4D/intel-wireless-network-card-6235anhmwg,https://m.media-amazon.com/images/I/51b2CmOpkgL.jpg,Wi-Fi 4,Mini-PCIe,,
Intel 7260HMW,https://pcpartpicker.com/product/BFFPxr/intel-wireless-network-card-7260hmw,/static/forever/img/no-image.png,Wi-Fi 5 (5 GHz only),Mini-PCIe,,
Asus USB-AC55,https://pcpartpicker.com/product/wXL7YJ/asus-wireless-network-card-usbac55,https://cdna.pcpartpicker.com/static/forever/images/product/64cfb1d095a4689278305a326a634d7c.256p.jpg,Wi-Fi 5,USB Type-A 3.2 Gen 1,,
Asus USB-N13,https://pcpartpicker.com/product/TBDzK8/asus-wireless-network-card-usbn13cradle,/static/forever/img/no-image.png,Wi-Fi 4,USB Type-A 2.0,,
Belkin AE3000,https://pcpartpicker.com/product/9hn2FT/belkin-wireless-network-card-ae3000np,https://cdna.pcpartpicker.com/static/forever/images/product/f9ad8648998a34b661062fa022e77c81.256p.jpg,Wi-Fi 4,USB Type-A 2.0,,
Belkin F7D2102TT,https://pcpartpicker.com/product/V2qdnQ/belkin-wireless-network-card-f7d2102tt,https://m.media-amazon.com/images/I/31A6cmDeZRL.jpg,Wi-Fi 4,USB Type-A 2.0,,
BenQ WDRT8192,https://pcpartpicker.com/product/B8W9TW/benq-wdrt8192-usb-20-80211abgn-wi-fi-adapter-5jj3f28a01,https://images-na.ssl-images-amazon.com/images/I/31nExoCl7XL.jpg,Wi-Fi 4,USB Type-A 2.0,,
Cisco AE1200,https://pcpartpicker.com/product/448H99/cisco-wireless-network-card-ae1200,/static/forever/img/no-image.png,Wi-Fi 4,USB Type-A 2.0,,
Cisco AE2500,https://pcpartpicker.com/product/YLrcCJ/cisco-wireless-network-card-ae2500,https://images-na.ssl-images-amazon.com/images/I/31cpc%2BWC-7L.jpg,Wi-Fi 4,USB Type-A 2.0,,29.99
Hawking Technology HD65U,https://pcpartpicker.com/product/htXfrH/hawking-technology-wireless-network-card-hd65u,https://cdna.pcpartpicker.com/static/forever/images/product/c9a5164b3aa116d6195f48d258b4ff58.med.256p.jpg,Wi-Fi 5,USB Type-A 2.0,,
Hawking Technology HW7ACU,https://pcpartpicker.com/product/NMp323/hawking-technology-wireless-network-card-hw7acu,https://images-na.ssl-images-amazon.com/images/I/41wt-JUWr-L.jpg,Wi-Fi 5,USB Type-A 2.0,,
IOGEAR GWU735,https://pcpartpicker.com/product/wv648d/iogear-wireless-network-card-gwu735,https://m.media-amazon.com/images/I/31rJEODg8LL.jpg,Wi-Fi 5,USB Type-A 3.2 Gen 1,,
Rosewill RNX-N600UB,https://pcpartpicker.com/product/3vLypg/rosewill-wireless-network-card-rnxn600ub,https://m.media-amazon.com/images/I/21vncTbRxzL.jpg,Wi-Fi 4,USB Type-A 2.0,,
StarTech USB300WN2X2C,https://pcpartpicker.com/product/7MnG3C/startech-wireless-network-card-usb300wn2x2c,https://cdna.pcpartpicker.com/static/forever/images/product/246accd905399043e613daaf207dc166.256p.jpg,Wi-Fi 4,USB Type-A 2.0,,19.14
StarTech USB867WAC22,https://pcpartpicker.com/product/kzmLrH/startech-wireless-network-card-usb867wac22,https://m.media-amazon.com/images/I/31dVXYfK0tL.jpg,Wi-Fi 5,USB Type-A 3.2 Gen 1,,57.99
Edimax EW-7711MAC,https://pcpartpicker.com/product/TWMFf7/edimax-wireless-network-card-ew7711mac,https://m.media-amazon.com/images/I/41oOkGjJ1NL.jpg,Wi-Fi 5,USB Type-A 2.0,,
Intel 3160.NGWG,https://pcpartpicker.com/product/w4DzK8/intel-wireless-network-card-3160ngwg,/static/forever/img/no-image.png,Wi-Fi 5,Mini-PCIe,,
Intel 6300,https://pcpartpicker.com/product/Xyp323/intel-wireless-network-card-633anhmwebc,/static/forever/img/no-image.png,Wi-Fi 4,Mini-PCIe,,
Intel 7260,https://pcpartpicker.com/product/VfrcCJ/intel-wireless-network-card-7260,/static/forever/img/no-image.png,Wi-Fi 4,Mini-PCIe,,19.98
Intel 7260,https://pcpartpicker.com/product/7v648d/intel-wireless-network-card-7260hmwbnwbr,https://m.media-amazon.com/images/I/51+c-OYmUmL.jpg,Wi-Fi 4,Mini-PCIe,,
Edimax EW-7811DAC,https://pcpartpicker.com/product/YcQypg/edimax-ew-7811dac-usb-20-80211abgnac-wi-fi-adapter-ew-7811dac,https://m.media-amazon.com/images/I/41hR9cta+OL.jpg,Wi-Fi 5,USB Type-A 2.0,,
AUKEY WF-R12,https://pcpartpicker.com/product/LVbkcf/aukey-wf-r12-none-wi-fi-adapter-wf-r12,/static/forever/img/no-image.png,Wi-Fi 5,USB Type-A 3.2 Gen 1,,
Athenatech NE-WN3201D,https://pcpartpicker.com/product/mPnG3C/athenatech-ne-wn3201d-none-wi-fi-adapter-ne-wn3201d,/static/forever/img/no-image.png,Wi-Fi 4,USB Type-A 2.0,,
Edimax EW-7822PIC,https://pcpartpicker.com/product/pmgPxr/edimax-ew-7822pic-none-wi-fi-adapter-ew-7822pic,https://images-eu.ssl-images-amazon.com/images/I/41XcJbp5XVL.jpg,Wi-Fi 5,PCIe x1,,
D-Link DWA-192,https://pcpartpicker.com/product/gZfmP6/d-link-dwa-192-none-wi-fi-adapter-dwa-192,https://cdna.pcpartpicker.com/static/forever/images/product/2ebbc06e35a13b29ed407bcd7c341220.256p.jpg,Wi-Fi 5,USB Type-A 3.2 Gen 1,,
TRENDnet TEW-806UBH,https://pcpartpicker.com/product/mDrG3C/trendnet-tew-806ubh-none-wi-fi-adapter-tew-806ubh,https://cdna.pcpartpicker.com/static/forever/images/product/1ea78e0581c331e200bf3464bf66e237.256p.jpg,Wi-Fi 5,USB Type-A 2.0,,
TP-Link Archer T2UH,https://pcpartpicker.com/product/YWX2FT/tp-link-archer-t2uh-none-wi-fi-adapter-archer-t2uh,https://cdna.pcpartpicker.com/static/forever/images/product/4c3b3c234057699978cc7489ccc1c6b7.256p.jpg,Wi-Fi 5,USB Type-A 2.0,,
TP-Link Archer T4UH,https://pcpartpicker.com/product/xyX2FT/tp-link-archer-t4uh-usb-30-80211abgnac-wi-fi-adapter-archer-t4uh,https://cdna.pcpartpicker.com/static/forever/images/product/7f06ab34a1a2949b647f7a5ba847a966.256p.jpg,Wi-Fi 5,USB Type-A 3.2 Gen 1,,
Rosewill RNX-N150NUB,https://pcpartpicker.com/product/d3bkcf/rosewill-rnx-n150nub-usb-20-80211abgn-wi-fi-adapter-rnx-ac600ub_v20,https://images-na.ssl-images-amazon.com/images/I/31sPxFJFNvL.jpg,Wi-Fi 4,USB Type-A 2.0,,
Rosewill RNX-N300UB,https://pcpartpicker.com/product/P298TW/rosewill-rnx-n300ub-none-wi-fi-adapter-rnx-n300ub,https://cdna.pcpartpicker.com/static/forever/images/product/e1a192e8e74534ccd70d3f7e417bf2f6.256p.jpg,Wi-Fi 4,USB Type-A 2.0,,
Rosewill RNX-N150NUB,https://pcpartpicker.com/product/bnH48d/rosewill-rnx-n150nub-usb-20-80211abgn-wi-fi-adapter-rnx-ac1200ub,https://images-eu.ssl-images-amazon.com/images/I/31eSPZlzy2L.jpg,Wi-Fi 4,USB Type-A 2.0,,
TP-Link Archer T1U,https://pcpartpicker.com/product/8t8H99/tp-link-archer-t1u-none-wi-fi-adapter-archer-t1u,https://cdna.pcpartpicker.com/static/forever/images/product/2abbca50ad6b599718bb039e972f936e.256p.jpg,Wi-Fi 5,USB Type-A 2.0,,
Linksys AE3000-CA,https://pcpartpicker.com/product/gTJkcf/linksys-ae3000-ca-none-wi-fi-adapter-ae3000-ca,https://m.media-amazon.com/images/I/41KDNrpFbML.jpg,Wi-Fi 4,USB Type-A 2.0,,49.99
Linksys AE2500-CA,https://pcpartpicker.com/product/ZLs8TW/linksys-ae2500-ca-none-wi-fi-adapter-ae2500-ca,/static/forever/img/no-image.png,Wi-Fi 4,USB Type-A 2.0,,
Netgear WF2190,https://pcpartpicker.com/product/b27v6h/netgear-wf2190-none-wi-fi-adapter-wf2190,/static/forever/img/no-image.png,Wi-Fi 5,USB Type-A 3.2 Gen 1,,
Inamax 4332804407,https://pcpartpicker.com/product/Hpkj4D/inamax-4332804407-none-wi-fi-adapter-4332804407,/static/forever/img/no-image.png,Wi-Fi 5,USB Type-A 3.2 Gen 1,Black,
Hawking Technology HW17ACU,https://pcpartpicker.com/product/TR3H99/hawking-technology-hw17acu-none-wi-fi-adapter-hw17acu,https://cdna.pcpartpicker.com/static/forever/images/product/c522f483f8e247f0116d9b23e4512c94.256p.jpg,Wi-Fi 5,USB Type-A 2.0,Black,
BrosTrend AC6,https://pcpartpicker.com/product/XGsmP6/brostrend-ac6-none-wi-fi-adapter-ac6,https://m.media-amazon.com/images/I/41Zm2JwuoQL.jpg,Wi-Fi 5,PCIe x1,Red / Black,
Rosewill RNX-AC1200UBv2,https://pcpartpicker.com/product/3LGxFT/rosewill-rnx-ac1200ubv2-usb-30-wi-fi-adapter-rnx-ac1200ubv2,https://cdna.pcpartpicker.com/static/forever/images/product/abb3db91dfa05ff55f09256948f743ef.256p.jpg,Wi-Fi 5,USB Type-A 3.2 Gen 1,Black,
Rosewill RNX-AC600HGUBEv2,https://pcpartpicker.com/product/RrKcCJ/rosewill-rnx-ac600hgubev2-usb-20-wi-fi-adapter-rnx-ac600hgubev2,https://cdna.pcpartpicker.com/static/forever/images/product/28cfbf07032ffe0d09b1660d2d862417.256p.jpg,Wi-Fi 5,USB Type-A 2.0,Black,
Rosewill RNX-AC600NUBv2,https://pcpartpicker.com/product/94zkcf/rosewill-rnx-ac600nubv2-usb-20-wi-fi-adapter-rnx-ac600nubv2,https://cdna.pcpartpicker.com/static/forever/images/product/1acb59d10d6aaf35b26352c5f2b2d397.256p.jpg,Wi-Fi 5,USB Type-A 2.0,Black,
Asus USB-AC55 B1,https://pcpartpicker.com/product/4yhKHx/asus-usb-ac55-b1-usb-30-wi-fi-adapter-usb-ac55-b1,https://cdna.pcpartpicker.com/static/forever/images/product/02b3ac0d1cfd092b2180b6adee1b804b.256p.jpg,Wi-Fi 5,USB Type-A 3.2 Gen 1,Black,
StarTech USB433ACD1X1,https://pcpartpicker.com/product/N3PKHx/startech-usb433acd1x1-usb-20-wi-fi-adapter-usb433acd1x1,https://cdna.pcpartpicker.com/static/forever/images/product/11a6d7b2ee216d76046c275068df3464.256p.jpg,Wi-Fi 5,USB Type-A 2.0,Black,26.99
Edimax EW-7612PIN V2,https://pcpartpicker.com/product/s9448d/edimax-ew-7612pin-v2-pcie-x1-wi-fi-adapter-ew-7612pin-v2,https://cdna.pcpartpicker.com/static/forever/images/product/17db051887db0ffe11491bb26850ca23.256p.jpg,Wi-Fi 4,PCIe x1,Green,
TRENDnet TBW-108UB,https://pcpartpicker.com/product/X7YQzy/trendnet-tbw-108ub-usb-20-wi-fi-adapter-tbw-108ub,https://cdna.pcpartpicker.com/static/forever/images/product/0fe96af3424f020485c131f1c572bed5.256p.jpg,Wi-Fi 4,USB Type-A 2.0,Black,
TRENDnet TEW-808UBM,https://pcpartpicker.com/product/hXsnTW/trendnet-tew-808ubm-usb-20-wi-fi-adapter-tew-808ubm,https://cdna.pcpartpicker.com/static/forever/images/product/d85b2bc55023b0f0d204f325321c6da4.256p.jpg,Wi-Fi 5,USB Type-A 2.0,Black,
Rosewill RNX-AC2030PCE,https://pcpartpicker.com/product/tBmFf7/rosewill-rnx-ac2030pce-pcie-x1-wi-fi-adapter-rnx-ac2030pce,https://cdna.pcpartpicker.com/static/forever/images/product/931cf3feeb59ca74dfbf24bc1084ba8c.256p.jpg,Wi-Fi 5,PCIe x1,Red / Black,
Rosewill RNX-AC1900UB,https://pcpartpicker.com/product/bBmFf7/rosewill-rnx-ac1900ub-usb-30-wi-fi-adapter-rnx-ac1900ub,https://cdna.pcpartpicker.com/static/forever/images/product/531b96cfab9682cb5d4af01a67c2db25.256p.jpg,Wi-Fi 5,USB Type-A 3.2 Gen 1,Black,
TP-Link ARCHER T4UHP,https://pcpartpicker.com/product/9m97YJ/tp-link-archer-t4uhp-usb-30-wi-fi-adapter-archer-t4uhp,https://cdna.pcpartpicker.com/static/forever/images/product/1949a3d60eedd3f20b346b650eed87bd.256p.jpg,Wi-Fi 5,USB Type-A 3.2 Gen 1,Black,
TP-Link Archer T4U V2,https://pcpartpicker.com/product/73PKHx/tp-link-archer-t4u-v2-usb-30-wi-fi-adapter-archer-t4u_v2,https://cdna.pcpartpicker.com/static/forever/images/product/acc2d8be4dcddac21a8906a7fc9977e7.256p.jpg,Wi-Fi 5,USB Type-A 3.2 Gen 1,Black,29.94
Syba SY-PEX23059,https://pcpartpicker.com/product/VMsmP6/syba-sy-pex23059-pcie-x1-wi-fi-adapter-sy-pex23059,https://cdna.pcpartpicker.com/static/forever/images/product/66bbaacee8efd4e1951d658367623b24.256p.jpg,Wi-Fi 4,PCIe x1,Green / Black,
Sabrent USBG802,https://pcpartpicker.com/product/trVG3C/sabrent-usbg802-usb-20-wi-fi-adapter-usbg802,https://images-eu.ssl-images-amazon.com/images/I/31HqCci5QnL.jpg,Wi-Fi 3,USB Type-A 2.0,Black,
Edimax EW-7822UTC,https://pcpartpicker.com/product/9697YJ/edimax-ew-7822utc-usb-30-80211abgnac-wi-fi-adapter-ew-7822utc,https://cdna.pcpartpicker.com/static/forever/images/product/5a010552a704dece13fb2f1837889746.256p.jpg,Wi-Fi 5,USB Type-A 3.2 Gen 1,Black,
Netgear A6100-10000S,https://pcpartpicker.com/product/fbbwrH/netgear-a6100-10000s-usb-20-80211abgnac-wi-fi-adapter-a6100-10000s,https://cdna.pcpartpicker.com/static/forever/images/product/8761f9611f012992d6fab36af9868aca.256p.jpg,Wi-Fi 5,USB Type-A 2.0,Black,19.98
Belkin Linksys AE1200-NP,https://pcpartpicker.com/product/M3c48d/belkin-linksys-ae1200-np-usb-30-80211bgn-wi-fi-adapter-ae1200-np,https://cdna.pcpartpicker.com/static/forever/images/product/c788e3917be31a8f6f87059489d86d24.256p.jpg,Wi-Fi 4,USB Type-A 3.2 Gen 1,Black,
Hommie N900,https://pcpartpicker.com/product/PCBhP6/hommie-n900-pcie-x1-80211abgn-wi-fi-adapter-p01w-eu,https://m.media-amazon.com/images/I/51+sIC8rAeL.jpg,Wi-Fi 4,PCIe x1,,
fenvi FV-AX3000R,https://pcpartpicker.com/product/CDLFf7/fenvi-fv-ax3000r-80211abgnacax-pcie-x1-wi-fi-adapter-fv-ax3000r,/static/forever/img/no-image.png,Wi-Fi 6,PCIe x1,Red / Black,
Intel 8265.NGWMG.DTX1,https://pcpartpicker.com/product/DsTPxr/intel-8265ngwmgdtx1-80211abgnac-m2-wi-fi-adapter-8265ngwmgdtx1,https://cdna.pcpartpicker.com/static/forever/images/product/bf22dcce7a74f1ec68c83782e67f2ff2.256p.jpg,Wi-Fi 5,M.2,,
Intel AX210 w/vPro,https://pcpartpicker.com/product/f9xRsY/intel-ax210-wvpro-80211abgnacax-m2-wi-fi-adapter-ax210ngwgie,/static/forever/img/no-image.png,Wi-Fi 6E,M.2 PCIe,Green,
Intel AX210,https://pcpartpicker.com/product/NqYmP6/intel-ax210-80211abgnacax-m2-wi-fi-adapter-ax210ngwgiinv,/static/forever/img/no-image.png,Wi-Fi 6E,M.2 PCIe,Green,
Intel AX210 w/vPro,https://pcpartpicker.com/product/L2qPxr/intel-ax210-wvpro-80211abgnacax-m2-wi-fi-adapter-ax210ngwgii,/static/forever/img/no-image.png,Wi-Fi 6E,M.2 PCIe,Green,
fenvi FV-2030T,https://pcpartpicker.com/product/LcGhP6/fenvi-fv-2030t-80211abgnac-pcie-x1-wi-fi-adapter-fv-2030t,/static/forever/img/no-image.png,Wi-Fi 5,PCIe x1,Red,
fenvi Wi-Fi 7 FV-BE8800Pro,https://pcpartpicker.com/product/2T7scf/fenvi-wi-fi-7-fv-be8800pro-80211abgnacax-pcie-x1-wi-fi-adapter-wi-fi-7-fv-be8800pro,/static/forever/img/no-image.png,Wi-Fi 7,PCIe x1,Red / Black,
Asus USB-N13 C1,https://pcpartpicker.com/product/9GK2FT/asus-usb-n13-c1-80211abgn-usb-type-a-wi-fi-adapter-90ig05d0-ma0r00,https://cdna.pcpartpicker.com/static/forever/images/product/aa00f28b9cab5b6d5156aac40b1979b0.256p.jpg,Wi-Fi 4,USB Type-A,,
D-Link DWA-181-US,https://pcpartpicker.com/product/YhCFf7/d-link-dwa-181-us-80211abgnac-usb-type-a-wi-fi-adapter-dwa-181-us,https://cdna.pcpartpicker.com/static/forever/images/product/1e320e8968c734a717141e32bca8a16f.256p.jpg,Wi-Fi 5,USB Type-A 2.0,Black,21.99
D-Link DWA-X3000,https://pcpartpicker.com/product/RVXJ7P/d-link-dwa-x3000-80211abgnacax-pcie-x1-wi-fi-adapter-dwa-x3000,https://cdna.pcpartpicker.com/static/forever/images/product/232092eabaf4ef619d2bd155d2ca211a.256p.jpg,Wi-Fi 6,PCIe x1,Black,
SIIG LB-WR0111-S1,https://pcpartpicker.com/product/DbKKHx/siig-lb-wr0111-s1-80211abgnacax-pcie-x1-wi-fi-adapter-lb-wr0111-s1,https://m.media-amazon.com/images/I/41bYHIDklsL.jpg,Wi-Fi 6,PCIe x1,Black,41.90
SIIG LB-WR0011-S1,https://pcpartpicker.com/product/7LhmP6/siig-lb-wr0011-s1-80211abgnac-pcie-x1-wi-fi-adapter-lb-wr0011-s1,https://m.media-amazon.com/images/I/415AkR2JZhL.jpg,Wi-Fi 5,PCIe x1,Black,39.32
SIIG JU-WR0112-S2,https://pcpartpicker.com/product/M3mFf7/siig-ju-wr0112-s2-80211abgn-usb-type-a-wi-fi-adapter-ju-wr0112-s2,https://cdna.pcpartpicker.com/static/forever/images/product/5e575a1fbe398ce4e40285fec4a96506.256p.jpg,Wi-Fi 4,USB Type-A 2.0,Black,
Wavlink WL-WN675X2,https://pcpartpicker.com/product/j9kH99/wavlink-wl-wn675x2-80211abgnacax-pcie-x1-wi-fi-adapter-wl-wn675x2,/static/forever/img/no-image.png,Wi-Fi 6,PCIe x1,Red,
