Name,URL,Image,Interface,Color,Price
StarTech ST10GPEXNDPI,https://pcpartpicker.com/product/tqJgXL/startech-st10gpexndpi-2-x-10-gbs-ethernet-pcie-x4-network-adapter-st10gpexndpi,https://cdna.pcpartpicker.com/static/forever/images/product/b4f19eef7fb7a2b7e10474d46f952cc5.256p.jpg,PCIe x4,Black / Silver,390.79
TP-Link TG-3468,https://pcpartpicker.com/product/dQmLrH/tp-link-wired-network-card-tg3468,https://cdna.pcpartpicker.com/static/forever/images/product/330081db022793485f64a34fc60dd6a7.256p.jpg,PCIe x1,,14.99
Asus XG-C100C,https://pcpartpicker.com/product/7z4NnQ/asus-xg-c100c-network-adapter-xg-c100c,https://cdna.pcpartpicker.com/static/forever/images/product/61855427052066ed173d5f7dcfa0dd8c.256p.jpg,PCIe x4,,99.99
Intel X540-T2,https://pcpartpicker.com/product/BRkwrH/intel-x540-t2-2-x-10-gbs-ethernet-pcie-x8-network-adapter-x540t2,https://m.media-amazon.com/images/I/51DNyUOcckL.jpg,PCIe x8,,96.99
TP-Link TX201,https://pcpartpicker.com/product/y93gXL/tp-link-tx201-25-gbs-ethernet-pcie-x1-network-adapter-tx201,https://cdna.pcpartpicker.com/static/forever/images/product/5a179aa8a9e73be02fc1fb6200da0c28.256p.jpg,PCIe x1,Black / Gold,26.99
Intel X550-T2,https://pcpartpicker.com/product/cpndnQ/intel-x550-t2-network-adapter-x550-t2,https://cdna.pcpartpicker.com/static/forever/images/product/dffbd7ee141b241601d4e798fcf90ee8.256p.jpg,PCIe x4,,118.58
TP-Link TX401,https://pcpartpicker.com/product/wzmFf7/tp-link-tx401-10-gbs-ethernet-pcie-x4-network-adapter-tx401,https://cdna.pcpartpicker.com/static/forever/images/product/e0cd246e9392dfc4df3c23e27bb400e9.256p.jpg,PCIe x4,Red,69.98
Intel X710-T2L,https://pcpartpicker.com/product/FFH8TW/intel-x710-t2l-2-x-10-gbs-ethernet-pcie-x8-network-adapter-x710t2l,https://cdna.pcpartpicker.com/static/forever/images/product/910acc7d0c6d590129398aa69d80e057.256p.jpg,PCIe x8,Green / Black,251.99
TP-Link UE306,https://pcpartpicker.com/product/bGH7YJ/tp-link-ue306-gigabit-ethernet-usb-type-a-network-adapter-ue306,https://cdna.pcpartpicker.com/static/forever/images/product/e4d2ec5658c261b137e121959ec813c5.256p.jpg,USB Type-A 3.2 Gen 1,Black,9.96
Intel EXPI9301CTBLK,https://pcpartpicker.com/product/xsdqqs/intel-wired-network-card-expi9301ctblk,https://cdna.pcpartpicker.com/static/forever/images/product/33eaba5604cbc7eec9ee0e37fde23741.256p.jpg,PCIe x1,,56.04
Intel E1G44ET2,https://pcpartpicker.com/product/8r4gXL/intel-wired-network-card-e1g44et2,https://m.media-amazon.com/images/I/41FaNGaccqL.jpg,PCIe x4,,
StarTech ST10GSPEXNDP,https://pcpartpicker.com/product/9ttKHx/startech-st10gspexndp-2-x-10-gbs-ethernet-pcie-x8-network-adapter-st10gspexndp,https://m.media-amazon.com/images/I/21yIWYBR0pL.jpg,PCIe x8,Black / Silver,
Intel E1G44ET2BLK,https://pcpartpicker.com/product/VwLypg/intel-wired-network-card-e1g44et2blk,https://cdna.pcpartpicker.com/static/forever/images/product/faf33f31b49233a8a77a7cb481672f5f.256p.jpg,PCIe x4,,352.21
Gigabyte GC-AQC107,https://pcpartpicker.com/product/QHx2FT/gigabyte-gc-aqc107-network-adapter-gc-aqc107,https://m.media-amazon.com/images/I/41M+nrFkXiL.jpg,PCIe x4,Black / White,
TRENDnet TRENDnet TEG-10GECTX 10 Gigabit PCIe Network Adapter,https://pcpartpicker.com/product/bBCD4D/trendnet-trendnet-teg-10gectx-10-gigabit-pcie-network-adapter-pcie-x4-10-gbits-network-adapter-teg-10gectx,https://cdna.pcpartpicker.com/static/forever/images/product/a28d0d58f3b5def7b5a3ff61c8797984.256p.jpg,PCIe x4,Green / Silver,81.37
Intel X540T1,https://pcpartpicker.com/product/Xy6BD3/intel-x540t1-10-gbs-ethernet-pcie-x8-network-adapter-x540t1,https://cdna.pcpartpicker.com/static/forever/images/product/acd586785100d39c2c602231fe3e06f6.256p.jpg,PCIe x8,Black / Green,129.00
Syba SD-PEX24066,https://pcpartpicker.com/product/ZYcG3C/syba-sd-pex24066-2-x-25-gbs-ethernet-pcie-x1-network-adapter-sd-pex24066,https://m.media-amazon.com/images/I/41PdZUOPleL.jpg,PCIe x1,Green / Black,28.00
StarTech ST10GSPEXNB2,https://pcpartpicker.com/product/PtcG3C/startech-st10gspexnb2-10-gbs-ethernet-pcie-x2-network-adapter-st10gspexnb2,https://m.media-amazon.com/images/I/51I6eESqn5L.jpg,PCIe x2,Silver / Black,169.99
Syba SD-PEX24055,https://pcpartpicker.com/product/bXDJ7P/syba-sd-pex24055-pcie-x4-10-gbits-network-adapter-sd-pex24055,https://cdna.pcpartpicker.com/static/forever/images/product/f5d64e18dffd9b1a6bb1ea19591ebefa.256p.jpg,PCIe x4,Green / Black,57.99
Syba SY-PEX24045,https://pcpartpicker.com/product/WD97YJ/syba-sy-pex24045-pcie-x4-1000-mbits-network-adapter-sy-pex24045,https://images-eu.ssl-images-amazon.com/images/I/51Qg3azqbIL.jpg,PCIe x4,Green / Black,59.99
D-Link DXE-820T,https://pcpartpicker.com/product/LmgPxr/d-link-dxe-820t-network-adapter-dxe-820t,https://cdna.pcpartpicker.com/static/forever/images/product/3bf3e23e89c59bc4a41091871fdc35e2.256p.jpg,PCIe x8,,269.26
TRENDnet TEG-25GECTX,https://pcpartpicker.com/product/xxfnTW/trendnet-teg-25gectx-25-gbs-ethernet-pcie-x1-network-adapter-teg-25gectx,https://m.media-amazon.com/images/I/411zdl07pRL.jpg,PCIe x1,Blue,24.51
Intel E1G42ETBLK,https://pcpartpicker.com/product/2mXfrH/intel-wired-network-card-e1g42etblk,https://cdna.pcpartpicker.com/static/forever/images/product/b789aadd3d0e621f37765419d93f7c31.256p.jpg,PCIe x4,,51.00
Intel I226T1,https://pcpartpicker.com/product/xKGhP6/intel-i226t1-25-gbs-ethernet-pcie-x1-network-adapter-i226t1,https://cdna.pcpartpicker.com/static/forever/images/product/bc52eeec9d64fce44c94be7123200d9e.256p.jpg,PCIe x1,Green,79.98
StarTech ST10GSPEXNDP2,https://pcpartpicker.com/product/JvH7YJ/startech-st10gspexndp2-2-x-10-gbs-ethernet-pcie-x4-network-adapter-st10gspexndp2,https://cdna.pcpartpicker.com/static/forever/images/product/2b873f6da88deb87ec6799513a859703.256p.jpg,PCIe x4,Black / Silver,163.99
QNAP QXG5G1T111C,https://pcpartpicker.com/product/Kgytt6/qnap-qxg5g1t111c-5-gbs-ethernet-pcie-x1-network-adapter-qxg5g1t111c,https://cdna.pcpartpicker.com/static/forever/images/product/5aa8234e236fe6b197863ab2354623d2.256p.jpg,PCIe x1,Blue / Silver,99.00
Monoprice 112909,https://pcpartpicker.com/product/sYytt6/monoprice-112909-gigabit-ethernet-usb-type-c-network-adapter-112909,https://m.media-amazon.com/images/I/31SbDsg486L.jpg,USB Type-C 3.2 Gen 2,White,13.22
Intel X520-T2,https://pcpartpicker.com/product/hdyV3C/intel-x520-t2-pcie-x8-10-gbits-network-adapter-x520-t2,https://cdna.pcpartpicker.com/static/forever/images/product/9bb92d860044cbffa6f2456fe4683c11.256p.jpg,PCIe x8,Green / Black,
QNAP QXG2G2TI225,https://pcpartpicker.com/product/LW92FT/qnap-qxg2g2ti225-2-x-25-gbs-ethernet-pcie-x2-network-adapter-qxg2g2ti225,https://cdna.pcpartpicker.com/static/forever/images/product/ca7154084df22cd6b6a5032c8a705145.256p.jpg,PCIe x2,Green / Copper,99.00
Syba SI-PEX24042,https://pcpartpicker.com/product/X4zkcf/syba-si-pex24042-pcie-x1-1000-mbits-network-adapter-si-pex24042,https://cdna.pcpartpicker.com/static/forever/images/product/57d0622448d6f56b221bb81bb053423b.256p.jpg,PCIe x1,Green / Black,49.30
Asus USB-C2500,https://pcpartpicker.com/product/BXQcCJ/asus-usb-c2500-25-gbs-ethernet-usb-type-a-network-adapter-usb-c2500,https://cdna.pcpartpicker.com/static/forever/images/product/2fff99a35b8408e5f3a1f6a31a0b4821.256p.jpg,USB Type-A 3.2 Gen 1,Gray,29.99
StarTech ST1000SPEX2L,https://pcpartpicker.com/product/kFQypg/startech-wired-network-card-st1000spex2l,https://m.media-amazon.com/images/I/41ttIy3fJYL.jpg,PCIe x1,,21.23
QNAP QXG-10G1T,https://pcpartpicker.com/product/n3ndnQ/qnap-qxg-10g1t-network-adapter-qxg-10g1t,https://cdna.pcpartpicker.com/static/forever/images/product/d9ea9fd4f857e54e757f2274dc8fd109.256p.jpg,PCIe x4,,139.00
TP-Link UE300,https://pcpartpicker.com/product/3p8H99/tp-link-ue300-network-adapter-ue300,https://cdna.pcpartpicker.com/static/forever/images/product/97bdc5ef75505ff1b527d0b698e7e830.256p.jpg,USB Type-A 3.2 Gen 1,,9.96
SIIG LB-GE0311-S1,https://pcpartpicker.com/product/XR2bt6/siig-lb-ge0311-s1-2-x-10-gbs-ethernet-pcie-x8-network-adapter-lb-ge0311-s1,https://m.media-amazon.com/images/I/41L-kYrFdpL.jpg,PCIe x8,Black / Green,222.38
Belkin F5D5000,https://pcpartpicker.com/product/hk2kcf/belkin-wired-network-card-f5d5000,https://images-na.ssl-images-amazon.com/images/I/41AZ90QP9TL.jpg,PCI,,11.09
Intel E1G44HT,https://pcpartpicker.com/product/TnPfrH/intel-wired-network-card-e1g44ht,https://cdna.pcpartpicker.com/static/forever/images/product/27e70103d7a3d9ab2bd601743a918e5f.256p.jpg,PCIe x4,,106.00
StarTech ST2GPEX,https://pcpartpicker.com/product/mGjNnQ/startech-st2gpex-25-gbs-ethernet-pcie-x1-network-adapter-st2gpex,https://cdna.pcpartpicker.com/static/forever/images/product/c948d04adacdc19f74577d2117f473d6.256p.jpg,PCIe x1,Black,36.49
StarTech ST1000SPEX4,https://pcpartpicker.com/product/L2vRsY/startech-wired-network-card-st1000spex4,https://m.media-amazon.com/images/I/51HBkXAzXWL.jpg,PCIe x4,,375.99
StarTech ST1000SPEX2,https://pcpartpicker.com/product/DZV48d/startech-wired-network-card-st1000spex2,https://m.media-amazon.com/images/I/41L9PimZf1L.jpg,PCIe x1,,15.29
Syba SY-HUB24047,https://pcpartpicker.com/product/7m97YJ/syba-sy-hub24047-usb-30-1000-mbits-network-adapter-sy-hub24047,https://images-na.ssl-images-amazon.com/images/I/41vSeA5n3rL.jpg,USB Type-A 3.2 Gen 1,Black,47.99
Intel E1G44HTBLK,https://pcpartpicker.com/product/4sdqqs/intel-wired-network-card-e1g44htblk,https://m.media-amazon.com/images/I/41mYieVJxwL.jpg,PCIe x4,,135.00
Intel EXPI9404PTLBLK,https://pcpartpicker.com/product/C6Gkcf/intel-wired-network-card-expi9404ptlblk,https://cdna.pcpartpicker.com/static/forever/images/product/98e203afb7fd8f25f1557bff9abd6c67.256p.jpg,PCIe x4,,
Intel EXPI9402PTG2P20,https://pcpartpicker.com/product/CwGxFT/intel-expi9402ptg2p20-pcie-x4-1000-mbits-network-adapter-expi9402ptg2p20,https://images-na.ssl-images-amazon.com/images/I/419H7vmlAkL.jpg,PCIe x4,Green / Black,69.45
StarTech ST10000SPEXI,https://pcpartpicker.com/product/GHgZxr/startech-st10000spexi-10-gbs-ethernet-pcie-x4-network-adapter-st10000spexi,https://cdna.pcpartpicker.com/static/forever/images/product/9732d6a171365f57af85dbdbfe81985f.256p.jpg,PCIe x4,Black / Silver,
Intel EXPI9301CT,https://pcpartpicker.com/product/k94gXL/intel-wired-network-card-expi9301ct,https://m.media-amazon.com/images/I/51dovzTVhmL.jpg,PCIe x1,,
Intel E10G42BT,https://pcpartpicker.com/product/78phP6/intel-wired-network-card-e10g42bt,https://m.media-amazon.com/images/I/317qA4lACHL.jpg,PCIe x8,,
Plugable USBC-E1000,https://pcpartpicker.com/product/yhzZxr/plugable-usbc-e1000-usb-type-c-1-gbits-network-adapter-usbc-e1000,https://m.media-amazon.com/images/I/41tsdq8yCLL.jpg,USB Type-C 3.2 Gen 1,,18.95
TP-Link UE300C,https://pcpartpicker.com/product/DcQfrH/tp-link-ue300c-gigabit-ethernet-usb-type-c-network-adapter-ue300c,https://cdna.pcpartpicker.com/static/forever/images/product/bb13c2c1fc8081f9fcbd27a460ec3496.256p.jpg,USB Type-C,Black,13.99
Intel EXPI9404PTLBLK-1PK,https://pcpartpicker.com/product/v3Lypg/intel-wired-network-card-expi9404ptlblk1pk,https://m.media-amazon.com/images/I/31zOGgkzYeL.jpg,PCIe x4,,
Edimax EU-4208,https://pcpartpicker.com/product/9MLypg/edimax-wired-network-card-eu4208,https://cdna.pcpartpicker.com/static/forever/images/product/95c4a15c96d4db8fa7db487df3a9f282.256p.jpg,USB Type-A 2.0,,
StarTech ST1000SPEX42,https://pcpartpicker.com/product/zVxfrH/startech-wired-network-card-st1000spex42,https://m.media-amazon.com/images/I/411YJCfIVOL.jpg,PCIe x4,,299.00
Rosewill RC-NIC416Dual,https://pcpartpicker.com/product/R2Jtt6/rosewill-rc-nic416dual-pcie-x4-10-gbits-network-adapter-rc-nic416dual,https://cdna.pcpartpicker.com/static/forever/images/product/466855acfff2b4aa4b5b5eec2f848a6f.256p.jpg,PCIe x4,Black / Silver,
QNAP QXG-2G1T-I225,https://pcpartpicker.com/product/93qPxr/qnap-qxg-2g1t-i225-25-gbs-ethernet-pcie-x1-network-adapter-qxg-2g1t-i225,https://cdna.pcpartpicker.com/static/forever/images/product/c504f45a77f82e9a6360f63901476c6a.256p.jpg,PCIe x1,Green / Silver,79.00
StarTech ST10GSPEXNB,https://pcpartpicker.com/product/s2zXsY/startech-st10gspexnb-10-gbs-ethernet-pcie-x4-network-adapter-st10gspexnb,https://cdna.pcpartpicker.com/static/forever/images/product/2a42f51875492d5e048b0739b1bbcc0f.256p.jpg,PCIe x4,Black,196.95
Gigabyte GC-AQC113C 10G,https://pcpartpicker.com/product/WxD7YJ/gigabyte-gc-aqc113c-10g-10-gbs-ethernet-pcie-x4-network-adapter-gc-aqc113c-10g,/static/forever/img/no-image.png,PCIe x4,White / Silver,
TRENDnet TUC-ET2G,https://pcpartpicker.com/product/zryV3C/trendnet-tuc-et2g-usb-type-c-25-gbits-network-adapter-tuc-et2g,https://cdna.pcpartpicker.com/static/forever/images/product/25eded408cce1a584568891e641172bd.256p.jpg,USB Type-C 3.2 Gen 1,Black,24.99
StarTech US2GC30,https://pcpartpicker.com/product/D9zXsY/startech-us2gc30-25-gbs-ethernet-usb-type-c-network-adapter-us2gc30,https://cdna.pcpartpicker.com/static/forever/images/product/9417648cd18c979223244d41a43bd44b.256p.jpg,USB Type-C 3.2 Gen 1,Silver,43.99
StarTech ST3300U3S,https://pcpartpicker.com/product/ZZ6BD3/startech-wired-network-card-st3300u3s,https://cdna.pcpartpicker.com/static/forever/images/product/0b4d8bf77ac946efc0ae1e3fac6f0928.256p.jpg,USB Type-A 3.2 Gen 1,,54.56
Lenovo 4X90E51405,https://pcpartpicker.com/product/NjPfrH/lenovo-wired-network-card-4x90e51405,https://images-na.ssl-images-amazon.com/images/I/41yd5y8ECeL.jpg,USB Type-A 3.2 Gen 1,,24.99
SIIG LB-GE0211-S1,https://pcpartpicker.com/product/wF7p99/siig-lb-ge0211-s1-10-gbs-ethernet-pcie-x4-network-adapter-lb-ge0211-s1,/static/forever/img/no-image.png,PCIe x4,Green / Black,209.88
StarTech PEX100S,https://pcpartpicker.com/product/Mc9KHx/startech-wired-network-card-pex100s,https://cdna.pcpartpicker.com/static/forever/images/product/70fe329deea5427ac2dc73dcb51f9597.256p.jpg,PCIe x1,,19.05
StarTech ST2000PEXPSE,https://pcpartpicker.com/product/cqCwrH/startech-wired-network-card-st2000pexpse,https://m.media-amazon.com/images/I/51iATInoMlL.jpg,PCIe x1,,142.19
Supermicro AOC-STG-i2T,https://pcpartpicker.com/product/NqYQzy/supermicro-aoc-stg-i2t-pcie-x8-10-gbits-network-adapter-aoc-stg-i2t,https://cdna.pcpartpicker.com/static/forever/images/product/e77399bf6404835dcb420550ab08066c.256p.jpg,PCIe x8,,
Lenovo 7ZT7A00482,https://pcpartpicker.com/product/bgbCmG/lenovo-7zt7a00482-pcie-x1-1000-mbits-network-adapter-7zt7a00482,https://m.media-amazon.com/images/I/41X-RcTPUwS.jpg,PCIe x1,Green / Black,
EDUP EP-9602GS,https://pcpartpicker.com/product/kbkgXL/edup-ep-9602gs-pcie-x1-1000-mbits-network-adapter-ep-9602gs,https://cdna.pcpartpicker.com/static/forever/images/product/d4b0b72ecaa23b63de7bde177c852338.256p.jpg,PCIe x1,Black,
Asus ROG AREION,https://pcpartpicker.com/product/bNMTwP/asus-rog-areion-10-gbs-ethernet-pcie-x4-network-adapter-areion-10g,/static/forever/img/no-image.png,PCIe x4,Black,
Syba SY-PEX24030,https://pcpartpicker.com/product/4dyFf7/syba-wired-network-card-sypex24030,https://m.media-amazon.com/images/I/41uuFawEtWL.jpg,PCIe x1,,22.65
Intel PWLA8391GTLBLK,https://pcpartpicker.com/product/PX4gXL/intel-wired-network-card-pwla8391gtlblk,https://cdna.pcpartpicker.com/static/forever/images/product/0e791fdd54f2dd244794a9c53202e3bd.256p.jpg,PCI,,50.00
Rosewill RNG-407-Dual,https://pcpartpicker.com/product/myGkcf/rosewill-wired-network-card-rng407dual,https://cdna.pcpartpicker.com/static/forever/images/product/345609b94fc03142bb013d089a5ea5b9.256p.jpg,PCIe x1,,
StarTech USB31000SW,https://pcpartpicker.com/product/TL8Zxr/startech-wired-network-card-usb31000sw,https://cdna.pcpartpicker.com/static/forever/images/product/6a899e99936f175f8e7cbe6d7c6046bb.256p.jpg,USB Type-A 3.2 Gen 1,,19.98
TP-Link TG-3269,https://pcpartpicker.com/product/vx8Zxr/tp-link-wired-network-card-tg3269,https://m.media-amazon.com/images/I/51zObPIe3EL.jpg,PCI,,
StarTech USB31000SPTW,https://pcpartpicker.com/product/8nYXsY/startech-wired-network-card-usb31000sptw,https://cdna.pcpartpicker.com/static/forever/images/product/41a68f140c06f2bf6dcb7f91292fea90.256p.jpg,USB Type-A 3.2 Gen 1,,35.99
Asus PCE-C2500,https://pcpartpicker.com/product/hRdrxr/asus-pce-c2500-100-mbs-ethernet-pcie-x1-network-adapter-pce-c2500,https://m.media-amazon.com/images/I/41Yfk8ycH8L.jpg,PCIe x1,Red,
StarTech USB21000S2,https://pcpartpicker.com/product/yk2kcf/startech-wired-network-card-usb21000s2,https://m.media-amazon.com/images/I/41yD00lMf3L.jpg,USB Type-A 2.0,,49.75
Intel E1G42ET,https://pcpartpicker.com/product/rDPfrH/intel-wired-network-card-e1g42et,https://m.media-amazon.com/images/I/41HAn1n8GGL.jpg,PCIe x4,,
Intel EXPI9404PTL,https://pcpartpicker.com/product/Lsdqqs/intel-wired-network-card-expi9404ptl,https://cdna.pcpartpicker.com/static/forever/images/product/fd58d89166cf5604d2dab6c4e88a69f4.256p.jpg,PCIe x4,,
QLogic QLE3242-CU-CK,https://pcpartpicker.com/product/QWg323/qlogic-wired-network-card-qle3242cuck,/static/forever/img/no-image.png,PCIe x8,,
Tripp Lite U436-000-GB,https://pcpartpicker.com/product/4dDkcf/tripp-lite-u436-000-gb-usb-type-c-1000-mbits-network-adapter-u436-000-gb,https://cdna.pcpartpicker.com/static/forever/images/product/e86181c9e11a9a296dff3add027597c5.256p.jpg,USB Type-C 3.2 Gen 1,Black,20.67
Rosewill RC-20001,https://pcpartpicker.com/product/cvPgXL/rosewill-rc-20001-25-gbs-ethernet-pcie-x1-network-adapter-rc-20001,https://m.media-amazon.com/images/I/31SzsUuCmKL.jpg,PCIe x1,Black,
Tripp Lite U436-06N-2P5,https://pcpartpicker.com/product/XCFmP6/tripp-lite-u436-06n-2p5-25-gbs-ethernet-usb-type-c-network-adapter-u436-06n-2p5,https://cdna.pcpartpicker.com/static/forever/images/product/d093981ce2733a22377a2f34b8c73658.256p.jpg,USB Type-C 3.2 Gen 1,Black,43.99
StarTech USB32000SPT,https://pcpartpicker.com/product/nKW9TW/startech-wired-network-card-usb32000spt,https://cdna.pcpartpicker.com/static/forever/images/product/6c38be9ef10f5d1d5ad3f02d04aa388c.256p.jpg,USB Type-A 3.2 Gen 1,,45.99
Edimax EN-9130TXL,https://pcpartpicker.com/product/tQ8Zxr/edimax-wired-network-card-en9130txl,https://m.media-amazon.com/images/I/31eEzvDGlvL.jpg,PCI,,
Intel PWLA8391GTBLK,https://pcpartpicker.com/product/yKzv6h/intel-wired-network-card-pwla8391gtblk,https://cdna.pcpartpicker.com/static/forever/images/product/3fe15aeef30104e19968b6fc3871ef03.256p.jpg,PCI,,19.05
Acer NP.OTH11.005,https://pcpartpicker.com/product/kwR48d/acer-npoth11005-usb-20-10-mbits-network-adapter-npoth11005,https://cdna.pcpartpicker.com/static/forever/images/product/b2b9343c5592703ecdb20ed89e2f9ce1.256p.jpg,USB Type-A 2.0,,
StarTech ST1000SPEXD3,https://pcpartpicker.com/product/WvPfrH/startech-wired-network-card-st1000spexd3,https://m.media-amazon.com/images/I/41eM0b1sETL.jpg,PCIe x1,,
StarTech USB31000NDS,https://pcpartpicker.com/product/2hCwrH/startech-wired-network-card-usb31000nds,https://cdna.pcpartpicker.com/static/forever/images/product/6649a6de92b9e056f16f61298f6f1fd2.256p.jpg,USB Type-A 3.2 Gen 1,,34.99
StarTech USB31000SPTB,https://pcpartpicker.com/product/xXjG3C/startech-wired-network-card-usb31000sptb,https://cdna.pcpartpicker.com/static/forever/images/product/acf69231d3f7e45e3801b401db458709.256p.jpg,USB Type-A 3.2 Gen 1,,32.03
TP-Link TF-3239DL,https://pcpartpicker.com/product/xQtCmG/tp-link-wired-network-card-tf3239dl,https://m.media-amazon.com/images/I/41b5IrhpTrL.jpg,PCI,,
Plugable USB3-E1000,https://pcpartpicker.com/product/dLmxFT/plugable-usb3-e1000-network-adapter-usb3-e1000,https://m.media-amazon.com/images/I/31MPQ+evUyL.jpg,USB Type-A 3.2 Gen 1,,19.95
Linksys USB3GIG,https://pcpartpicker.com/product/ncw7YJ/linksys-usb3gig-usb-30-1000-mbits-network-adapter-usb3gig,https://cdna.pcpartpicker.com/static/forever/images/product/f178a50ae6bb9fc45c1adbf4402a57b8.256p.jpg,USB Type-A 3.2 Gen 1,Black,
Supermicro SGP-i4,https://pcpartpicker.com/product/QmVD4D/supermicro-sgp-i4-pcie-x4-1000-mbits-network-adapter-sgp-i4,https://cdna.pcpartpicker.com/static/forever/images/product/52086636bd63b7530aa8ecb1b631b622.256p.jpg,PCIe x4,Green / Silver,
Edimax EN-9320TX-E,https://pcpartpicker.com/product/D2BhP6/edimax-en-9320tx-e-pcie-x4-10-gbits-network-adapter-en-9320tx-e,https://cdna.pcpartpicker.com/static/forever/images/product/2485d05152a873ec5977df90af3e0b9f.256p.jpg,PCIe x4,Silver / Green,
Syba SD-PEX24065,https://pcpartpicker.com/product/w8t9TW/syba-sd-pex24065-25-gbs-ethernet-pcie-x1-network-adapter-sd-pex24065,https://cdna.pcpartpicker.com/static/forever/images/product/2127c59fa0f8012e803b082c9b8f3d62.256p.jpg,PCIe x1,Green,
D-Link DGE-560T,https://pcpartpicker.com/product/k3zFf7/d-link-dge-560t-gigabit-ethernet-pcie-x1-network-adapter-dge-560t,https://m.media-amazon.com/images/I/31DrQftNJ2L.jpg,PCIe x1,,
SIIG LB-GE0014-S1,https://pcpartpicker.com/product/Qq4Ycf/siig-lb-ge0014-s1-2-x-gigabit-ethernet-pcie-x4-network-adapter-lb-ge0014-s1,https://cdna.pcpartpicker.com/static/forever/images/product/0625add5146ac7183b1c42c6659eed83.256p.jpg,PCIe x4,Green / Black,135.97
D-Link DGE-530T,https://pcpartpicker.com/product/Dj6BD3/d-link-wired-network-card-dge530t,https://images-na.ssl-images-amazon.com/images/I/51NrCKnRCgL.jpg,PCI,,
Rosewill RC-404,https://pcpartpicker.com/product/TYvRsY/rosewill-wired-network-card-rc404,https://m.media-amazon.com/images/I/31szvlC-tBL.jpg,PCI,,
StarTech ST1000BT32,https://pcpartpicker.com/product/whh9TW/startech-wired-network-card-st1000bt32,https://m.media-amazon.com/images/I/41n4DxNJONL.jpg,PCI,,
Intel EXPI9402PT,https://pcpartpicker.com/product/GL8Zxr/intel-wired-network-card-expi9402pt,https://cdna.pcpartpicker.com/static/forever/images/product/de219bb9a8c917a5a9bf7db7ec1d1e8a.256p.jpg,PCIe x4,,
Intel PWLA8391GTBLK-1PK,https://pcpartpicker.com/product/VWg323/intel-wired-network-card-pwla8391gtblk1pk,https://m.media-amazon.com/images/I/31lZ7ndMMSL.jpg,PCI,,
StarTech USB31000S,https://pcpartpicker.com/product/sk2kcf/startech-usb31000s-usb-30-1-gbits-network-adapter-usb31000s,https://cdna.pcpartpicker.com/static/forever/images/product/7d58a922eaf4e36b1464a97fef06a391.256p.jpg,USB Type-A 3.2 Gen 1,,24.63
TRENDnet TEG-PCITXR,https://pcpartpicker.com/product/Kp7wrH/trendnet-wired-network-card-tegpcitxr,https://cdna.pcpartpicker.com/static/forever/images/product/4293c4df7f3ab3fa8ef31cf040292723.256p.jpg,PCI,,14.99
SIIG CN-GP1021-S3,https://pcpartpicker.com/product/bL8Zxr/siig-wired-network-card-cngp1021s3,https://cdna.pcpartpicker.com/static/forever/images/product/790f8f490bb6cbe48ffdf1b2eea689a1.256p.jpg,PCIe x1,,
D-Link DFE530TX+,https://pcpartpicker.com/product/GJJwrH/d-link-wired-network-card-dfe530tx,/static/forever/img/no-image.png,PCI,,
D-Link DUB-E100,https://pcpartpicker.com/product/MC7wrH/d-link-dub-e100-usb-20-100-mbits-network-adapter-dub-e100,https://m.media-amazon.com/images/I/41fZ6CPrH2L.jpg,USB Type-A 2.0,,
Rosewill RC-411,https://pcpartpicker.com/product/stMFf7/rosewill-wired-network-card-rc411,https://m.media-amazon.com/images/I/31WIV9-9vmL.jpg,PCIe x1,,
SIIG CN-GP4011-S1,https://pcpartpicker.com/product/mKfp99/siig-wired-network-card-cngp4011s1,https://images-na.ssl-images-amazon.com/images/I/41TqdRcixGL.jpg,PCIe x4,,
SIIG CN-GP4111-S1,https://pcpartpicker.com/product/hmGj4D/siig-cn-gp4111-s1-network-adapter-cn-gp4111-s1,https://images-na.ssl-images-amazon.com/images/I/412Oz1PY%2B0L.jpg,PCIe x4,,
Belkin F2CU040btBLK,https://pcpartpicker.com/product/dp2rxr/belkin-f2cu040btblk-network-adapter-f2cu040btblk,https://cdna.pcpartpicker.com/static/forever/images/product/b677afc9d9e8a44c5b0c3b65ea65958b.256p.jpg,USB Type-C 3.2 Gen 1,,22.08
Syba SY-PEX24056,https://pcpartpicker.com/product/jyYLrH/syba-sy-pex24056-pcie-x4-10-gbits-network-adapter-sy-pex24056,https://cdna.pcpartpicker.com/static/forever/images/product/a661f1bd52a0febb11ee9cd8f7962738.256p.jpg,PCIe x4,Green / Black,
SIIG JU-NE0621-S2,https://pcpartpicker.com/product/C8DJ7P/siig-ju-ne0621-s2-usb-30-1000-mbits-network-adapter-ju-ne0621-s2,https://cdna.pcpartpicker.com/static/forever/images/product/97c25cca9ee3ba3de6ff33348f8d26fc.256p.jpg,USB Type-A 3.2 Gen 1,White,
HP E0X95AA,https://pcpartpicker.com/product/Fk4gXL/hp-e0x95aa-gigabit-ethernet-pcie-x1-network-adapter-e0x95aa,https://cdna.pcpartpicker.com/static/forever/images/product/ed0eb0af32b41be09ab5e67b18c12d03.256p.jpg,PCIe x1,Green,
Intel PWLA8391GT,https://pcpartpicker.com/product/JMzv6h/intel-wired-network-card-pwla8391gt,https://m.media-amazon.com/images/I/51+UPiNllBL.jpg,PCI,,29.00
Rosewill RC-400,https://pcpartpicker.com/product/z6Gkcf/rosewill-wired-network-card-rc400,https://m.media-amazon.com/images/I/41u66nkTnYL.jpg,PCI,,
Rosewill RNF-405U,https://pcpartpicker.com/product/MVxfrH/rosewill-wired-network-card-rnf405u,https://m.media-amazon.com/images/I/31E14oepWEL.jpg,USB Type-A 2.0,,
Rosewill RNG-406U,https://pcpartpicker.com/product/GPw323/rosewill-wired-network-card-rng406u,https://m.media-amazon.com/images/I/314iYn6Z9BL.jpg,USB Type-A 3.2 Gen 1,,
StarTech ST100S,https://pcpartpicker.com/product/Dx8Zxr/startech-wired-network-card-st100s,https://m.media-amazon.com/images/I/41HgSSHaVvL.jpg,PCI,,
Supermicro AOC-SG-i2,https://pcpartpicker.com/product/cTGkcf/supermicro-wired-network-card-aocsgi2,https://images-fe.ssl-images-amazon.com/images/I/51Whh3NO%2BsL.jpg,PCIe x4,,
Syba SY-ADA24024,https://pcpartpicker.com/product/b8phP6/syba-wired-network-card-syada24024,https://m.media-amazon.com/images/I/31xR2ZQ9VLL.jpg,USB Type-A 2.0,,
Syba SY-PEX24028,https://pcpartpicker.com/product/fPw323/syba-sy-pex24028-pcie-x1-1-gbits-network-adapter-sy-pex24028,https://m.media-amazon.com/images/I/51+17ow2B+L.jpg,PCIe x1,,
Syba SY-ADA24029,https://pcpartpicker.com/product/YgvRsY/syba-wired-network-card-syada24029,https://m.media-amazon.com/images/I/41w47J2qp0L.jpg,USB Type-A 2.0,,
TRENDnet TE100-PCIWN,https://pcpartpicker.com/product/qmXfrH/trendnet-wired-network-card-te100pciwn,https://images-na.ssl-images-amazon.com/images/I/41eZgPskRJL.jpg,PCI,,
Intel EXPI9402PTBLK-1PK,https://pcpartpicker.com/product/mr4gXL/intel-wired-network-card-expi9402ptblk1pk,https://m.media-amazon.com/images/I/4136my6iDxL.jpg,PCIe x4,,
Intel PWLA8490MTBLK,https://pcpartpicker.com/product/vj6BD3/intel-wired-network-card-pwla8490mtblk,https://m.media-amazon.com/images/I/31UzNNSib3L.jpg,PCI-X,,
Intel PWLA8492MT,https://pcpartpicker.com/product/9r4gXL/intel-wired-network-card-pwla8492mt,https://cdna.pcpartpicker.com/static/forever/images/product/0c757ba709eabd5411d6adc8db85a846.256p.jpg,PCI-X,,132.05
Intel PWLA8492MTBLK5,https://pcpartpicker.com/product/Y94gXL/intel-wired-network-card-pwla8492mtblk5,https://m.media-amazon.com/images/I/41Ib+eppsJL.jpg,PCI-X,,
Rosewill RC-400-LX,https://pcpartpicker.com/product/fy6BD3/rosewill-wired-network-card-rc400lx,https://m.media-amazon.com/images/I/41w-J4FIjdL.jpg,PCI,,
SIIG CN-GP1011-S3,https://pcpartpicker.com/product/894gXL/siig-wired-network-card-cngp1011s3,https://cdna.pcpartpicker.com/static/forever/images/product/aedb2c5ea9c00608782220d0edef8404.256p.jpg,PCI,,
StarTech ST1000SPEXD2,https://pcpartpicker.com/product/dmXfrH/startech-wired-network-card-st1000spexd2,/static/forever/img/no-image.png,PCIe x1,,
Syba SY-ADA24005,https://pcpartpicker.com/product/CdyFf7/syba-sy-ada24005-usb-20-100-mbits-network-adapter-sy-ada24005,https://m.media-amazon.com/images/I/41GEgou76YL.jpg,USB Type-A 2.0,,
Syba SY-ADA24027,https://pcpartpicker.com/product/27tCmG/syba-wired-network-card-syada24027,https://m.media-amazon.com/images/I/41uo-rf7QdL.jpg,USB Type-A 2.0,,
StarTech ST1000SPEX,https://pcpartpicker.com/product/Gc9KHx/startech-wired-network-card-st1000spex,https://m.media-amazon.com/images/I/41XccT5VDQL.jpg,PCIe x1,,
SIIG CN-GP2011-S1,https://pcpartpicker.com/product/PFR48d/siig-wired-network-card-cngp2011s1,https://m.media-amazon.com/images/I/51RFd5jZ0lL.jpg,PCIe x1,,
Asus NX1101,https://pcpartpicker.com/product/CzJwrH/asus-wired-network-card-nx1101,https://images-na.ssl-images-amazon.com/images/I/41I-dipTC1L.jpg,PCI,,
Belkin F4U047-RS,https://pcpartpicker.com/product/H2vRsY/belkin-f4u047-rs-usb-20-100-mbits-network-adapter-f4u047-rs,https://m.media-amazon.com/images/I/31XEPzRR74L.jpg,USB Type-A 2.0,,
Rosewill RC-401-EX,https://pcpartpicker.com/product/shh9TW/rosewill-wired-network-card-rc401ex,https://m.media-amazon.com/images/I/31y0ucq18wL.jpg,PCIe x1,,
Rosewill RC-402,https://pcpartpicker.com/product/jHPfrH/rosewill-wired-network-card-rc402,https://images-fe.ssl-images-amazon.com/images/I/41iTss2QVlL.jpg,PCI,,
Syba SD-PEX24009,https://pcpartpicker.com/product/ZZV48d/syba-wired-network-card-sdpex24009,https://m.media-amazon.com/images/I/3104KbNm5IL.jpg,PCIe x1,,
VisionTek Bigfoot Killer 2100,https://pcpartpicker.com/product/7QmLrH/visiontek-wired-network-card-900317,https://images-na.ssl-images-amazon.com/images/I/41W2KgKu9%2BL.jpg,PCIe x1,,
Edimax EU-4306,https://pcpartpicker.com/product/3x4gXL/edimax-wired-network-card-eu4306,https://cdna.pcpartpicker.com/static/forever/images/product/6085986216be155f42cbbbc16ec2cbbb.256p.jpg,USB Type-A 3.2 Gen 1,,
Netgear GA311,https://pcpartpicker.com/product/DwLypg/netgear-wired-network-card-ga311,https://cdna.pcpartpicker.com/static/forever/images/product/8b87e46e9ca30b8b59f6f9d8a6bcf135.256p.jpg,PCI,,
Syba SD-ADA24032,https://pcpartpicker.com/product/YvBv6h/syba-wired-network-card-sdada24032,https://images-fe.ssl-images-amazon.com/images/I/31RcVcRH9cL.jpg,USB Type-A 3.2 Gen 1,,
Cisco N2XX-ABPCI03-M3=,https://pcpartpicker.com/product/drTmP6/cisco-wired-network-card-n2xxabpci03m3,https://cdna.pcpartpicker.com/static/forever/images/product/b7490a105c6ff65e07e7b77a3255e0d2.256p.jpg,PCIe x4,,
SIIG JU-NE0511-S1,https://pcpartpicker.com/product/xLzv6h/siig-wired-network-card-june0511s1,https://m.media-amazon.com/images/I/311Io32dGUL.jpg,USB Type-A 3.2 Gen 1,,
Syba SI-ADA24037,https://pcpartpicker.com/product/9MqdnQ/syba-wired-network-card-siada24037,https://images-na.ssl-images-amazon.com/images/I/313h0wTjKHL.jpg,USB Type-A 3.2 Gen 1,,
SIIG CN-GP1111-S1,https://pcpartpicker.com/product/rJsKHx/siig-wired-network-card-cngp1111s1,https://m.media-amazon.com/images/I/41OmBzyQ2rL.jpg,PCIe x4,,
StarTech ST10000SPEX,https://pcpartpicker.com/product/PHV48d/startech-wired-network-card-st10000spex,https://m.media-amazon.com/images/I/41LXDvmycXL.jpg,PCIe x4,,
Syba SY-ADA24040,https://pcpartpicker.com/product/mXL7YJ/syba-sy-ada24040-network-adapter-sy-ada24040,https://m.media-amazon.com/images/I/31srvpz1a0L.jpg,USB Type-A 3.2 Gen 1,,
D-Link DUB-1312,https://pcpartpicker.com/product/Zb3H99/d-link-dub-1312-usb-30-1000-mbits-network-adapter-dub-1312,https://cdna.pcpartpicker.com/static/forever/images/product/0814228525bef07cf709bd215eaadc08.256p.jpg,USB Type-A 3.2 Gen 1,Black,19.98
SIIG JU-NE0711-S1,https://pcpartpicker.com/product/yMsmP6/siig-ju-ne0711-s1-usb-30-1000-mbits-network-adapter-ju-ne0711-s1,https://cdna.pcpartpicker.com/static/forever/images/product/5155e6f98a78477852f74abe554d8eb4.256p.jpg,USB Type-A 3.2 Gen 1,Black,27.99
Belkin B2B145-BLK,https://pcpartpicker.com/product/Pkvbt6/belkin-b2b145-blk-usb-type-c-1000-mbits-network-adapter-b2b145-blk,https://cdna.pcpartpicker.com/static/forever/images/product/1756ef18ceff984b78e6d9a6dfcef03a.256p.jpg,USB Type-C 3.2 Gen 1,Black,24.74
Rosewill RNG-408U,https://pcpartpicker.com/product/3jcRsY/rosewill-rng-408u-usb-type-c-1000-mbits-network-adapter-rng-408u,https://cdna.pcpartpicker.com/static/forever/images/product/b8255902320df532e14a1c687154d7ea.256p.jpg,USB Type-C 3.2 Gen 1,Black,
V7 V7UCRJ45-BLK-1N,https://pcpartpicker.com/product/JYsmP6/v7-v7ucrj45-blk-1n-usb-type-c-1000-mbits-network-adapter-v7ucrj45-blk-1n,https://cdna.pcpartpicker.com/static/forever/images/product/77ce3ba7eaf5cb5117b683cdaf43ac5a.256p.jpg,USB Type-C 3.2 Gen 1,Black,
TP-Link UE305,https://pcpartpicker.com/product/CzmFf7/tp-link-ue305-gigabit-ethernet-usb-type-a-network-adapter-ue305,https://m.media-amazon.com/images/I/31nmTwdJwPL.jpg,USB Type-A 3.2 Gen 1,Black,
StarTech USB31000S2,https://pcpartpicker.com/product/HTLFf7/startech-usb31000s2-gigabit-ethernet-usb-type-a-network-adapter-usb31000s2,https://cdna.pcpartpicker.com/static/forever/images/product/d6a11b65e0f616453287f78a6f434eb2.256p.jpg,USB Type-A 3.2 Gen 1,Black / Silver,25.47
SIIG LB-GE0611-S1,https://pcpartpicker.com/product/DXK2FT/siig-lb-ge0611-s1-25-gbs-ethernet-pcie-x1-network-adapter-lb-ge0611-s1,https://m.media-amazon.com/images/I/41-e+e0UU2L.jpg,PCIe x1,Green / Black,47.99
