Name,URL,Image,Configuration,Total Wattage,Frequency Response,Color,Price
Kanto TUK,https://pcpartpicker.com/product/PyC48d/kanto-tuk-260-w-20-channel-speakers-ca-tukmb,https://m.media-amazon.com/images/I/316eV2+AW3L.jpg,2.0,260 W,50 Hz - 20 kHz,Black,899.99
Creative Labs Pebble 2.0,https://pcpartpicker.com/product/cwjJ7P/creative-labs-pebble-20-44w-2ch-speakers-51mf1680aa000,https://cdna.pcpartpicker.com/static/forever/images/product/53654596dd1e528db8fb38931ab8a5bc.256p.jpg,2.0,4.4 W,100 Hz - 17 kHz,Black,23.74
Kanto TUK,https://pcpartpicker.com/product/JCYmP6/kanto-tuk-260-w-20-channel-speakers-ca-tukmw,https://m.media-amazon.com/images/I/31YHerBkZkL.jpg,2.0,260 W,50 Hz - 20 kHz,White / Black,899.99
Logitech Z207 (Black),https://pcpartpicker.com/product/gvDJ7P/logitech-z207-black-001w-2ch-speakers-980-001294,https://cdna.pcpartpicker.com/static/forever/images/product/ec84c190e5f11ca8e9b78bd6dfb781fd.256p.jpg,2.0,0.01 W,,Black,59.56
Logitech Z906,https://pcpartpicker.com/product/3DPfrH/logitech-speakers-980000467,https://m.media-amazon.com/images/I/41tnErFDq3L.jpg,5.1,500 W,35 Hz - 20 kHz,,369.99
Creative Labs Pebble 2.0,https://pcpartpicker.com/product/fwjJ7P/creative-labs-pebble-20-44w-2ch-speakers-51mf1680aa001,https://cdna.pcpartpicker.com/static/forever/images/product/a02af64b3b2cf5af614179a132aa367c.256p.jpg,2.0,4.4 W,100 Hz - 17 kHz,White,23.74
Razer Leviathan V2 X,https://pcpartpicker.com/product/qjfnTW/razer-leviathan-v2-x-65-w-20-channel-speakers-rz05-04280100-r3u1,https://cdna.pcpartpicker.com/static/forever/images/product/340d4285b47c9ae44dce4a90a9f079d7.256p.jpg,2.0,65 W,85 Hz - 20 kHz,Black,84.99
Logitech S150,https://pcpartpicker.com/product/bY3gXL/logitech-s150-24-w-speakers-980-001004,https://cdna.pcpartpicker.com/static/forever/images/product/cc13de09d072bed3efcf450a1d98e046.256p.jpg,2.0,2.4 W,90 Hz - 20 kHz,Black,15.99
Edifier MR4,https://pcpartpicker.com/product/7Tn9TW/edifier-mr4-42-w-speakers-mr4-black,https://m.media-amazon.com/images/I/31kqFcLhJTL.jpg,2.0,42 W,60 Hz - 20 kHz,Black,129.99
Edifier MR4,https://pcpartpicker.com/product/V788TW/edifier-mr4-42-w-speakers-mr4-white,https://cdna.pcpartpicker.com/static/forever/images/product/ea21a9b6cd58a889002797910fc2441e.256p.jpg,2.0,42 W,60 Hz - 20 kHz,White,129.97
SteelSeries Arena 9 EU,https://pcpartpicker.com/product/VDkH99/steelseries-arena-9-eu-51-channel-speakers-61549,https://cdna.pcpartpicker.com/static/forever/images/product/cd9f29efeb8f9009391feee45e5bc9a2.256p.jpg,5.1,,35 Hz - 20 kHz,Black,857.60
Kanto REN,https://pcpartpicker.com/product/shdMnQ/kanto-ren-200-w-speakers-renmw,https://m.media-amazon.com/images/I/21DDOMajxvL.jpg,2.0,200 W,50 Hz - 22 kHz,White,699.99
Logitech Z623,https://pcpartpicker.com/product/svBv6h/logitech-speakers-980000402,https://cdna.pcpartpicker.com/static/forever/images/product/1a81d1d8e7b218880798be08c84c5a3e.256p.jpg,2.1,200 W,35 Hz - 20 kHz,,170.99
Creative Labs Pebble Plus,https://pcpartpicker.com/product/bpNYcf/creative-labs-pebble-plus-8-w-21-channel-speakers-mf0480,https://m.media-amazon.com/images/I/31Y+ekfVByL.jpg,2.1,8 W,50 Hz - 20 kHz,Black,52.24
Lenovo M0520,https://pcpartpicker.com/product/B7tCmG/lenovo-speakers-57y6360,https://m.media-amazon.com/images/I/51-M1YfyXOL.jpg,2.0,2 W,90 Hz - 20 kHz,,15.61
Logitech G560,https://pcpartpicker.com/product/7yqhP6/logitech-g560-0w-21ch-speakers-980-001300,https://cdna.pcpartpicker.com/static/forever/images/product/ad2ea31f9621f1aa5f4693fa012bc4de.256p.jpg,2.1,120 W,40 Hz - 18 kHz,Black,249.99
Sony HT-S100F Soundbar,https://pcpartpicker.com/product/NYKscf/sony-ht-s100f-soundbar-44-w-speakers-ht-s100f,https://cdna.pcpartpicker.com/static/forever/images/product/5ef14aaf9a260dcbf607eb5e0fb5b9e2.256p.jpg,2.0,44 W,20 Hz - 20 kHz,Black,118.00
AmazonBasics U213,https://pcpartpicker.com/product/q6848d/amazonbasics-u213-22-w-20-channel-speakers-u213,https://images-fe.ssl-images-amazon.com/images/I/41I1TETMiIL.jpg,2.0,2.2 W,103 Hz - 20 kHz,Black,18.98
SteelSeries Arena 9 US,https://pcpartpicker.com/product/7vqrxr/steelseries-arena-9-us-51-channel-speakers-61547,https://cdna.pcpartpicker.com/static/forever/images/product/f623ec1b82ade437b39d86ba82dd7e8d.256p.jpg,5.1,,35 Hz - 20 kHz,Black,543.99
Klipsch R-51PM,https://pcpartpicker.com/product/sf3H99/klipsch-r-51pm-120-w-20-channel-speakers-r-51pm,https://m.media-amazon.com/images/I/41lJ6byTccL.jpg,2.0,120 W,68 Hz - 21 kHz,Black,499.99
Creative Labs Pebble Pro,https://pcpartpicker.com/product/Ps88TW/creative-labs-pebble-pro-30-w-speakers-51mf1710aa001,https://m.media-amazon.com/images/I/316mEuQR-IL.jpg,2.0,30 W,80 Hz - 20 kHz,Black / Copper,74.99
Razer Leviathan V2,https://pcpartpicker.com/product/gG7G3C/razer-leviathan-v2-65-w-21-channel-speakers-rz05-03920100-r3u1,https://cdna.pcpartpicker.com/static/forever/images/product/a404c6eeceb711738df49595a0ac7d4c.256p.jpg,2.1,65 W,45 Hz - 20 kHz,Black,249.99
Logitech Z313,https://pcpartpicker.com/product/PzJwrH/logitech-speakers-980000382,https://cdna.pcpartpicker.com/static/forever/images/product/17b4ef2d9b7828e91782fcf93bdc7cce.256p.jpg,2.1,25 W,48 Hz - 20 kHz,,66.49
ELAC DCB61,https://pcpartpicker.com/product/LYKnTW/elac-dcb61-320-w-speaker-dcb61-bk,https://m.media-amazon.com/images/I/413qa97ve-L.jpg,1.0,320 W,48 Hz - 22 kHz,Black,899.00
Klipsch ProMedia 2.1,https://pcpartpicker.com/product/y2vRsY/klipsch-speakers-promedia21,https://m.media-amazon.com/images/I/31Z6ZgChfGL.jpg,2.1,120 W,31 Hz - 20 kHz,,159.99
Creative Labs Pebble V2,https://pcpartpicker.com/product/XGzFf7/creative-labs-pebble-v2-8-w-speakers-51mf1695aa000,https://cdna.pcpartpicker.com/static/forever/images/product/35b161e009a58f1b9b4c4a50ab9dcda0.256p.jpg,2.0,8 W,100 Hz - 17 kHz,Black / Copper,32.99
Logitech Z407,https://pcpartpicker.com/product/yp8bt6/logitech-z407-40-w-21-channel-speakers-980-001347,https://cdna.pcpartpicker.com/static/forever/images/product/bdcf15f115b1f3e12e896a3efcb143f3.256p.jpg,2.1,40 W,40 Hz - 20 kHz,Black,109.99
Trust GXT 606 JAVV,https://pcpartpicker.com/product/3RtLrH/trust-gxt-606-javv-6-w-speakers-25108,https://cdna.pcpartpicker.com/static/forever/images/product/8dff6e7a89953fd9854d99ab273780a0.256p.jpg,2.0,6 W,160 Hz - 20 kHz,Black,90.71
Redragon GS814,https://pcpartpicker.com/product/mZHp99/redragon-gs814-20-w-speakers-gs814,https://cdna.pcpartpicker.com/static/forever/images/product/5a462a44c1ef7f5f9383588d8c293293.256p.jpg,2.0,20 W,20 Hz - 20 kHz,Black,31.33
Creative Labs Pebble V3,https://pcpartpicker.com/product/Fhnypg/creative-labs-pebble-v3-8-w-20-channel-speakers-51mf1700aa001,https://cdna.pcpartpicker.com/static/forever/images/product/2632f14a05f4fc771452849333b86af0.256p.jpg,2.0,8 W,100 Hz - 17 kHz,Black / Copper,39.99
Edifier G2000,https://pcpartpicker.com/product/j7gZxr/edifier-g2000-32-w-speakers-g2000-white,https://cdna.pcpartpicker.com/static/forever/images/product/8aa356c3f9738056c20cc84f3b32f7c6.256p.jpg,2.0,32 W,98 Hz - 20 kHz,White,99.99
Logitech Z150,https://pcpartpicker.com/product/Byp323/logitech-speakers-980000802,https://cdna.pcpartpicker.com/static/forever/images/product/df3930d28f5352d74bf85844dd6bcfe9.256p.jpg,2.0,,,,29.99
Logitech Z625,https://pcpartpicker.com/product/TjkwrH/logitech-z625-200w-21ch-speakers-980-001258,https://cdna.pcpartpicker.com/static/forever/images/product/3d4cf341a5a85ea3c5f3367eb79f7d47.256p.jpg,2.1,200 W,,,209.88
Razer Nommo V2 Pro,https://pcpartpicker.com/product/ymFmP6/razer-nommo-v2-pro-21-channel-speakers-rz05-04740100-r3u1,https://cdna.pcpartpicker.com/static/forever/images/product/c0035e093e4e3c4bf3c41dc2c308ff1c.256p.jpg,2.1,,40 Hz - 20 kHz,Black,449.99
Razer Leviathan V2 Pro,https://pcpartpicker.com/product/XFJgXL/razer-leviathan-v2-pro-0-nw-51-channel-speakers-rz05-04160100-r3u1,https://cdna.pcpartpicker.com/static/forever/images/product/6262bc1dd543981e5cf9a470e374209b.256p.jpg,5.1,,40 Hz - 20 kHz,Black,
Logitech Z323,https://pcpartpicker.com/product/yx8Zxr/logitech-speakers-980000354,https://cdna.pcpartpicker.com/static/forever/images/product/9e63aa7d5a08f1144a161dbda92482dd.256p.jpg,2.1,30 W,55 Hz - 20 kHz,,69.98
Creative Labs Stage Air V2,https://pcpartpicker.com/product/gwP8TW/creative-labs-stage-air-v2-10-w-speakers-51mf8395aa000,https://cdna.pcpartpicker.com/static/forever/images/product/7501b0c11b3286207e79e6bbdd22cc56.256p.jpg,2.0,10 W,80 Hz - 20 kHz,Black,59.99
Cyber Acoustics CA-2014rb,https://pcpartpicker.com/product/mKzv6h/cyber-acoustics-speakers-ca2014rb,https://cdna.pcpartpicker.com/static/forever/images/product/7419f0c9e66eeb4a00d915f52f65663f.256p.jpg,2.0,4 W,85 Hz - 18 kHz,,17.99
Razer NOMMO CHROMA,https://pcpartpicker.com/product/FLprxr/razer-nommo-0w-2ch-speakers-rz05-02460100-r3u1,https://m.media-amazon.com/images/I/41B4OATKG+L.jpg,2.0,,20 Hz - 20 kHz,Black,114.99
Audioengine A5+ Black,https://pcpartpicker.com/product/CqGkcf/audioengine-a5-black-150-w-speakers-a5plus-black,https://m.media-amazon.com/images/I/41aSVItoxLL.jpg,2.0,150 W,50 Hz - 22 kHz,Black,399.00
Creative Labs Pebble V3,https://pcpartpicker.com/product/pwDQzy/creative-labs-pebble-v3-16-w-speakers-51mf1700aa003,https://cdna.pcpartpicker.com/static/forever/images/product/50f6663a86d1596137e70873b71c7896.256p.jpg,2.0,16 W,100 Hz - 17 kHz,White / Copper,39.99
Kanto ORA4,https://pcpartpicker.com/product/4bvscf/kanto-ora4-140-w-speakers-ora4mw,https://m.media-amazon.com/images/I/31hKLJAKAOL.jpg,2.0,140 W,60 Hz - 22 kHz,White,449.99
Yamaha NS-SP1800,https://pcpartpicker.com/product/49Crxr/yamaha-ns-sp1800-550w-51ch-speakers-ns-sp1800,https://cdna.pcpartpicker.com/static/forever/images/product/c49d3e4bdca7a4d9a04eebc7667cde89.256p.jpg,5.1,550 W,28 Hz - 50 kHz,,
Cyber Acoustics CA-3090,https://pcpartpicker.com/product/Fy6BD3/cyber-acoustics-speakers-ca3090,https://cdna.pcpartpicker.com/static/forever/images/product/e2b77d5b4cfd102fa680830c3d32dd49.256p.jpg,2.1,10 W,160 Hz - 20 kHz,,37.50
Edifier G2000,https://pcpartpicker.com/product/W8sMnQ/edifier-g2000-32-w-speakers-g2000,https://m.media-amazon.com/images/I/31l3bs2XavL.jpg,2.0,32 W,98 Hz - 20 kHz,Black,99.99
Yamaha HS8,https://pcpartpicker.com/product/pp8H99/yamaha-speakers-hs8,https://cdna.pcpartpicker.com/static/forever/images/product/9a6241e2a10a2ad5a02986cee6df17a7.256p.jpg,2.0,120 W,38 Hz - 30 kHz,,398.99
Edifier R1280DB-Brown,https://pcpartpicker.com/product/GVqPxr/edifier-r1280db-brown-42-w-20-channel-speakers-r1280db-brown,https://cdna.pcpartpicker.com/static/forever/images/product/3ef66b395e4756a53b894bb0cf1c3842.256p.jpg,2.0,42 W,55 Hz - 20 kHz,Brown / Black,189.99
Edifier S351DB,https://pcpartpicker.com/product/7M62FT/edifier-s351db-150-w-21-channel-speakers-s351db,https://cdna.pcpartpicker.com/static/forever/images/product/291b405c855c90fe3ce433d91eeffbbe.256p.jpg,2.1,150 W,40 Hz - 20 kHz,Black,479.99
Edifier R1700BT,https://pcpartpicker.com/product/RXbCmG/edifier-r1700bt-66-w-20-channel-speakers-r1700bt,https://cdna.pcpartpicker.com/static/forever/images/product/1ddfff5b75be0e5cf2689552cf19225e.256p.jpg,2.0,66 W,60 Hz - 20 kHz,Black / Brown,219.99
Kanto ORA4,https://pcpartpicker.com/product/YjXMnQ/kanto-ora4-140-w-speakers-ora4mb,https://m.media-amazon.com/images/I/31sUqdWafoL.jpg,2.0,140 W,60 Hz - 22 kHz,Black,
Creative Labs T60,https://pcpartpicker.com/product/KmWJ7P/creative-labs-t60-60-w-speakers-51mf1705aa001,https://cdna.pcpartpicker.com/static/forever/images/product/fd3fe44545a8001617dc0cc9d340a76b.256p.jpg,2.0,60 W,50 Hz - 20 kHz,Black / Gold,94.99
Kanto REN,https://pcpartpicker.com/product/wgKnTW/kanto-ren-200-w-speakers-renmb,https://cdna.pcpartpicker.com/static/forever/images/product/5189eb920f452e8bc8ff8f2eb6acb765.256p.jpg,2.0,200 W,50 Hz - 22 kHz,Black,699.99
Creative Labs Sound Blaster GS3,https://pcpartpicker.com/product/72fV3C/creative-labs-sound-blaster-gs3-24-w-speakers-51mf8465aa000,https://cdna.pcpartpicker.com/static/forever/images/product/df7b80628934ad78a59e51e274a1510f.256p.jpg,2.0,24 W,65 Hz - 20 kHz,Black,59.99
Logitech Z533,https://pcpartpicker.com/product/hgtWGX/logitech-speakers-980001053,https://cdna.pcpartpicker.com/static/forever/images/product/962564ca11472d2ab2eec6a59a1c3257.256p.jpg,2.1,60 W,55 Hz - 20 kHz,,149.99
Edifier R1280DB-Black,https://pcpartpicker.com/product/Lfstt6/edifier-r1280db-black-42-w-20-channel-speakers-r1280db-black,https://cdna.pcpartpicker.com/static/forever/images/product/a8078d4ee57562c7f1e36dcb133a3fc4.256p.jpg,2.0,42 W,55 Hz - 20 kHz,Black,189.99
Edifier G2000,https://pcpartpicker.com/product/6Fy8TW/edifier-g2000-32-w-speakers-g2000-pink,https://m.media-amazon.com/images/I/31DKo6onXKL.jpg,2.0,32 W,98 Hz - 20 kHz,Pink,99.99
PreSonus Eris 3.5 2nd Gen,https://pcpartpicker.com/product/RW88TW/presonus-eris-35-2nd-gen-50-w-speakers-2777500121,https://cdna.pcpartpicker.com/static/forever/images/product/273aecd7d61bad6de352ddf132283e18.256p.jpg,2.0,50 W,80 Hz - 20 kHz,Black / Blue,114.99
Logitech S-150,https://pcpartpicker.com/product/hj6BD3/logitech-speakers-980000028,https://cdna.pcpartpicker.com/static/forever/images/product/9cf7ec696463bc053fc549705338c0cb.256p.jpg,2.0,1.2 W,90 Hz - 20 kHz,,15.99
Razer Nommo V2 X,https://pcpartpicker.com/product/Pyqrxr/razer-nommo-v2-x-speakers-rz05-04760100-r3u1,https://cdna.pcpartpicker.com/static/forever/images/product/b8f35adc5a2ea8af454273be360d3471.256p.jpg,2.0,,75 Hz - 20 kHz,Black,149.99
Audioengine A5+ White,https://pcpartpicker.com/product/wHXfrH/audioengine-a5-white-150-w-speakers-a5plus-white,https://cdna.pcpartpicker.com/static/forever/images/product/cd6dffc1ab782add61c19545addfe06d.256p.jpg,2.0,150 W,50 Hz - 22 kHz,White,399.00
Bose Companion 2 Series III,https://pcpartpicker.com/product/267wrH/bose-speakers-3544951100,https://cdna.pcpartpicker.com/static/forever/images/product/70df7ebc95e71812189987cff42ab4e6.256p.jpg,2.0,,,,
NZXT Relay,https://pcpartpicker.com/product/gzZXsY/nzxt-relay-80-w-speakers-ap-spkb2-us,https://m.media-amazon.com/images/I/31qOwQyE0-L.jpg,2.0,80 W,70 Hz - 20 kHz,Black,213.49
Edifier R980T,https://pcpartpicker.com/product/v4NxFT/edifier-r980t-24-w-20-channel-speakers-r980t,https://cdna.pcpartpicker.com/static/forever/images/product/e78aa7b2daf00a2257f164fcf916d598.256p.jpg,2.0,24 W,70 Hz - 20 kHz,Black,99.99
AmazonBasics V620,https://pcpartpicker.com/product/gcjRsY/amazonbasics-v620-24-w-speakers-v620black,https://m.media-amazon.com/images/I/410rFQDJ67L.jpg,2.0,2.4 W,80 Hz - 20 kHz,Black,
Yamaha HS5 W,https://pcpartpicker.com/product/v7PKHx/yamaha-hs5-w-70w-1ch-speakers-hs5-w,https://cdna.pcpartpicker.com/static/forever/images/product/bb30b09a829490cc46ee55a5df662c45.256p.jpg,1.0,70 W,54 Hz - 30 kHz,,154.19
SteelSeries Arena 7 US,https://pcpartpicker.com/product/cCBG3C/steelseries-arena-7-us-21-channel-speakers-61541,https://cdna.pcpartpicker.com/static/forever/images/product/64559af8a7e8f6b7860b2343adf45bcc.256p.jpg,2.1,,35 Hz - 20 kHz,Black,299.00
Creative Labs Sound Blaster GS5 RGB Soundbar,https://pcpartpicker.com/product/vDwD4D/creative-labs-sound-blaster-gs5-rgb-soundbar-60-w-speakers-mf8470,https://m.media-amazon.com/images/I/21n75KNBDHL.jpg,2.0,60 W,65 Hz - 20 kHz,Black,89.98
Creative Labs Sound Blaster Katana V2X,https://pcpartpicker.com/product/TRsV3C/creative-labs-sound-blaster-katana-v2x-90-w-21-channel-speakers-51mf8400aa000,https://m.media-amazon.com/images/I/21PlZaOsOeL.jpg,2.1,90 W,50 Hz - 20 kHz,Black,244.99
Logitech Z207 (White),https://pcpartpicker.com/product/qCZFf7/logitech-z207-white-001w-2ch-speakers-980-001291,https://m.media-amazon.com/images/I/419g1lo2tqL.jpg,2.0,0.01 W,,White,
Audioengine A5+ Bamboo,https://pcpartpicker.com/product/DfqdnQ/audioengine-a5-bamboo-150-w-speakers-a5plus-bamboo,https://m.media-amazon.com/images/I/41aKfGfv00S.jpg,2.0,150 W,50 Hz - 22 kHz,Brown / Black,469.00
Yamaha HS8 W,https://pcpartpicker.com/product/hNGxFT/yamaha-hs8-w-120w-1ch-speakers-hs8-w,https://m.media-amazon.com/images/I/31HLY60mRLL.jpg,1.0,120 W,38 Hz - 30 kHz,,398.99
Audioengine A2+B,https://pcpartpicker.com/product/QygPxr/audioengine-a2b-60w-2ch-speakers-a2b,https://cdna.pcpartpicker.com/static/forever/images/product/be35b220c294bdb21808f30bd6cdd55a.256p.jpg,2.0,60 W,65 Hz - 22 kHz,,
Edifier R33BT,https://pcpartpicker.com/product/zxmNnQ/edifier-r33bt-10-w-speakers-r33bt,https://cdna.pcpartpicker.com/static/forever/images/product/d84c58d929b1de81b7f02b57b7291a9b.256p.jpg,2.0,10 W,70 Hz - 20 kHz,Black,99.99
Edifier MR3,https://pcpartpicker.com/product/pTxTwP/edifier-mr3-36-w-speakers-mr3-black,https://cdna.pcpartpicker.com/static/forever/images/product/ac7d67bcac29a397309fb5e535a9122e.256p.jpg,2.0,36 W,52 Hz - 40 kHz,Black,149.99
AmazonBasics V620,https://pcpartpicker.com/product/q24Zxr/amazonbasics-v620-24-w-speakers-v620silver,https://m.media-amazon.com/images/I/51tLmItyi2S.jpg,2.0,2.4 W,80 Hz - 20 kHz,Silver,
Logitech Z333,https://pcpartpicker.com/product/K6RFf7/logitech-speakers-980001203,https://cdna.pcpartpicker.com/static/forever/images/product/6373496d8f1c9b35ad91666c061f7ecc.256p.jpg,2.1,40 W,55 Hz - 20 kHz,,
Logitech Z200,https://pcpartpicker.com/product/bv38TW/logitech-z200-10-w-20-channel-speakers-980-000800,https://cdna.pcpartpicker.com/static/forever/images/product/044e21f178b0ad10f69fbc76b6ac013e.256p.jpg,2.0,10 W,20 Hz - 20 kHz,,
Edifier S350DB,https://pcpartpicker.com/product/r4cRsY/edifier-s350db-150-w-21-channel-speakers-s350db,https://cdna.pcpartpicker.com/static/forever/images/product/5983dc3f2e1386155ed839fffcb808a6.256p.jpg,2.1,150 W,40 Hz - 20 kHz,Black / Brown,549.99
JBL C2PS,https://pcpartpicker.com/product/L7BTwP/jbl-c2ps-70w-2ch-speakers-c2ps,https://cdna.pcpartpicker.com/static/forever/images/product/21532f3ca1370178395adec58bc62907.256p.jpg,2.0,70 W,80 Hz - 20 kHz,Black,275.99
SteelSeries Arena 3 US,https://pcpartpicker.com/product/qymmP6/steelseries-arena-3-us-speakers-61534,https://cdna.pcpartpicker.com/static/forever/images/product/7d272bd9d622c43c6b8f886e4597d373.256p.jpg,2.0,,50 Hz - 20 kHz,Black,149.99
Logitech Z506,https://pcpartpicker.com/product/YwLypg/logitech-speakers-980000430,https://cdna.pcpartpicker.com/static/forever/images/product/ab83440cd62546724e32334252eb263c.256p.jpg,5.1,155 W,45 Hz - 20 kHz,,
Kanto YU2MW,https://pcpartpicker.com/product/22ndnQ/kanto-yu2mw-50w-2ch-speakers-yu2mw,https://cdna.pcpartpicker.com/static/forever/images/product/b58ebd8158546f70ee1ac2076088c44a.256p.jpg,2.0,50 W,80 Hz - 20 kHz,White / Black,198.50
Yamaha HS5,https://pcpartpicker.com/product/XNqbt6/yamaha-speakers-hs5,https://m.media-amazon.com/images/I/31L8pPxaVjL.jpg,1.0,70 W,54 Hz - 30 kHz,,199.99
Creative Labs Sound Blaster Katana SE,https://pcpartpicker.com/product/wTTFf7/creative-labs-sound-blaster-katana-se-90-w-speakers-51mf8415aa000,https://m.media-amazon.com/images/I/31639OxheTL.jpg,2.0,90 W,55 Hz - 20 kHz,Black,279.99
Kanto ORA,https://pcpartpicker.com/product/x3CCmG/kanto-ora-100-w-speakers-oramp,https://cdna.pcpartpicker.com/static/forever/images/product/1665879407429d3123a06d8e586e7b96.256p.jpg,2.0,100 W,70 Hz - 22 kHz,Pink / Black,302.99
Cyber Acoustics CA-2016WB,https://pcpartpicker.com/product/dwLypg/cyber-acoustics-speakers-ca2016wb,https://m.media-amazon.com/images/I/41f0OgirtqL.jpg,2.0,3 W,260 Hz - 20 kHz,,20.32
ADAM Audio D3V,https://pcpartpicker.com/product/Csjv6h/adam-audio-d3v-240-w-speakers-ams-d3v-white,https://m.media-amazon.com/images/I/31gTWasRo9L.jpg,2.0,240 W,45 Hz - 23.2 kHz,White,349.99
Onkyo GX-30ARC,https://pcpartpicker.com/product/bDZWGX/onkyo-gx-30arc-50-w-speakers-gx30arcwcuu,https://m.media-amazon.com/images/I/31X1mtYzgHL.jpg,2.0,50 W,20 Hz - 20 kHz,White,282.99
NZXT Relay,https://pcpartpicker.com/product/RgP8TW/nzxt-relay-140-w-speaker-ap-sub80-us,https://m.media-amazon.com/images/I/31-lWcQixTL.jpg,1.0,140 W,45 Hz - 150 Hz,Black,
Kanto ORA,https://pcpartpicker.com/product/msYfrH/kanto-ora-100-w-speakers-oramb,https://m.media-amazon.com/images/I/210WEanwnrL.jpg,2.0,100 W,70 Hz - 22 kHz,Black,349.99
Audioengine HD3-BLK,https://pcpartpicker.com/product/Hy848d/audioengine-hd3-blk-60-w-20-channel-speakers-hd3-blk,https://cdna.pcpartpicker.com/static/forever/images/product/432a21cba7d6857a369cbf6384019784.256p.jpg,2.0,60 W,65 Hz - 22 kHz,Black,359.00
Kanto YU2MB,https://pcpartpicker.com/product/7vc48d/kanto-yu2mb-50w-2ch-speakers-yu2mb,https://cdna.pcpartpicker.com/static/forever/images/product/dd046a1003ee58c8550c367e2242e035.256p.jpg,2.0,50 W,80 Hz - 20 kHz,Black,198.50
Edifier S760D,https://pcpartpicker.com/product/fFFKHx/edifier-s760d-540-w-51-channel-speakers-s760d,https://cdna.pcpartpicker.com/static/forever/images/product/8296b76d92c1460988273320d9e492bd.256p.jpg,5.1,540 W,42 Hz - 20 kHz,Black / Silver,
Creative Labs SXFI Carrier,https://pcpartpicker.com/product/Kzh2FT/creative-labs-sxfi-carrier-450-w-21-channel-speakers-51mf8345aa000,https://cdna.pcpartpicker.com/static/forever/images/product/ba906c07749ff008118bc6e59ea71d8e.256p.jpg,2.1,450 W,25 Hz - 20 kHz,Black,
AmazonBasics V216US,https://pcpartpicker.com/product/gTJmP6/amazonbasics-v216us-22-w-20-channel-speakers-v216us,https://images-eu.ssl-images-amazon.com/images/I/51RQDUKIinL.jpg,2.0,4.6 W,68 Hz - 20 kHz,Black,23.99
Trust Asto Soundbar,https://pcpartpicker.com/product/44Wrxr/trust-asto-soundbar-24w-2ch-speakers-21046,https://cdna.pcpartpicker.com/static/forever/images/product/090d56989353d5e28be62b587b98c8cc.256p.jpg,2.0,24 W,20 Hz - 20 kHz,,
ADAM Audio D3V,https://pcpartpicker.com/product/DpFCmG/adam-audio-d3v-240-w-speakers-ams-d3v-black,https://m.media-amazon.com/images/I/31h1e6dXxUL.jpg,2.0,240 W,45 Hz - 23.2 kHz,Black,349.99
Creative Labs T100,https://pcpartpicker.com/product/NnGnTW/creative-labs-t100-40-w-speakers-t100,https://cdna.pcpartpicker.com/static/forever/images/product/6f8072ee19bd66d257dae399b086e7c7.256p.jpg,2.0,40 W,50 Hz - 20 kHz,Black,104.49
Logitech S120,https://pcpartpicker.com/product/X2vRsY/logitech-speakers-980000012,https://cdna.pcpartpicker.com/static/forever/images/product/fdb008aa69b39e302bb88cdf319bdf42.256p.jpg,2.0,2.3 W,50 Hz - 20 kHz,,
Razer Leviathan,https://pcpartpicker.com/product/BFTrxr/razer-speakers-rz0501260100r3u1,https://cdna.pcpartpicker.com/static/forever/images/product/1d97e880ddb8ce5e99226c9be6905c80.256p.jpg,5.1,60 W,180 Hz - 20 kHz,,
Logitech Z213,https://pcpartpicker.com/product/KcQypg/logitech-speakers-980000941,https://cdna.pcpartpicker.com/static/forever/images/product/b927d1d23c185d9064071f909452a075.256p.jpg,2.1,7 W,65 Hz - 20 kHz,,
Corsair Gaming Audio Series SP2500,https://pcpartpicker.com/product/Gj6BD3/corsair-speakers-casp211na,https://m.media-amazon.com/images/I/31QXpGH0PtL.jpg,2.1,232 W,35 Hz - 20 kHz,,
Onkyo GX-30ARC,https://pcpartpicker.com/product/2n62FT/onkyo-gx-30arc-50-w-speakers-gx30arcbcuu,https://cdna.pcpartpicker.com/static/forever/images/product/030d679d7f33a8def6b967be08130f40.256p.jpg,2.0,50 W,20 Hz - 20 kHz,Black,349.00
IK Multimedia IP-ILOUD-MM-IN,https://pcpartpicker.com/product/L3L48d/ik-multimedia-ip-iloud-mm-in-70-w-2ch-speakers-ip-iloud-mm-in,https://cdna.pcpartpicker.com/static/forever/images/product/94765d82545142f55b26557fd1aba759.256p.jpg,2.0,70 W,45 Hz - 22 kHz,Black,249.99
Edifier S880DB MKII,https://pcpartpicker.com/product/8LHp99/edifier-s880db-mkii-88-w-speakers-s880db-mkii,https://m.media-amazon.com/images/I/311sW-Wp6oL.jpg,2.0,88 W,50 Hz - 40 kHz,White,449.99
Creative Labs GigaWorks T40 Series II,https://pcpartpicker.com/product/9tvRsY/creative-labs-speakers-51mf1615aa002,https://cdna.pcpartpicker.com/static/forever/images/product/a6536f7d524e9bdffdc31fe6226d7f6e.256p.jpg,2.0,32 W,50 Hz - 20 kHz,,129.99
Kanto YU2GW,https://pcpartpicker.com/product/x2ndnQ/kanto-yu2gw-50w-2ch-speakers-yu2gw,https://cdna.pcpartpicker.com/static/forever/images/product/b58ebd8158546f70ee1ac2076088c44a.256p.jpg,2.0,50 W,80 Hz - 20 kHz,White / Black,
Trust GXT 612 CETIC,https://pcpartpicker.com/product/FPkH99/trust-gxt-612-cetic-10-w-speakers-24970,https://cdna.pcpartpicker.com/static/forever/images/product/bba2fd3f3caa8c61e8df81a94689e1e2.256p.jpg,2.0,10 W,20 Hz - 20 kHz,Black,
Creative Labs Creative Stage V2,https://pcpartpicker.com/product/hND7YJ/creative-labs-creative-stage-v2-80-w-21-channel-speakers-mf8375,https://m.media-amazon.com/images/I/21yyXF0cW4L.jpg,2.1,80 W,55 Hz - 20 kHz,Black,
Edifier MR3,https://pcpartpicker.com/product/thLp99/edifier-mr3-36-w-speakers-mr3-white,/static/forever/img/no-image.png,2.0,36 W,52 Hz - 40 kHz,White,149.99
Yamaha HS7,https://pcpartpicker.com/product/HK4NnQ/yamaha-speakers-hs7,https://m.media-amazon.com/images/I/31uolbTAvsL.jpg,2.0,95 W,43 Hz - 30 kHz,,
Audioengine A2+W,https://pcpartpicker.com/product/GpH48d/audioengine-speakers-a2w,https://cdna.pcpartpicker.com/static/forever/images/product/2a220f3b1c35601516f17edfe4e8c130.256p.jpg,2.0,60 W,65 Hz - 22 kHz,,
Kanto REN,https://pcpartpicker.com/product/cHbypg/kanto-ren-200-w-speakers-renmo,https://m.media-amazon.com/images/I/31Zy2JW1wKL.jpg,2.0,200 W,50 Hz - 22 kHz,Orange,699.99
Trust Gemi,https://pcpartpicker.com/product/Z4FmP6/trust-gemi-12-w-speakers-22948,https://m.media-amazon.com/images/I/617mlnhzMYL.jpg,2.0,12 W,20 Hz - 20 kHz,Black,54.77
Onkyo GX-10DB,https://pcpartpicker.com/product/rXkqqs/onkyo-gx-10db-34-w-speakers-gx10dbwcuu,https://m.media-amazon.com/images/I/31goN4maYmL.jpg,2.0,34 W,20 Hz - 20 kHz,White,226.99
Logitech Z130,https://pcpartpicker.com/product/s8phP6/logitech-speakers-980000417,https://m.media-amazon.com/images/I/41iBt6ZUWJL.jpg,2.0,5 W,140 Hz - 18 kHz,,
Logitech Z-5500,https://pcpartpicker.com/product/JPs8TW/logitech-speakers-z5500,/static/forever/img/no-image.png,5.1,505 W,33 Hz - 20 kHz,,
KEF LSXRED,https://pcpartpicker.com/product/9jFKHx/kef-lsxred-200-w-20-channel-speakers-lsxred,https://m.media-amazon.com/images/I/41vbLPaJKlS.jpg,2.0,200 W,49 Hz - 47 kHz,Red / Black,
ADAM Audio T8V,https://pcpartpicker.com/product/Rv3NnQ/adam-audio-t8v-180-w-speaker-11103410,https://m.media-amazon.com/images/I/31bc0rJb61L.jpg,1.0,180 W,33 Hz - 25 kHz,Black,349.99
NZXT Relay,https://pcpartpicker.com/product/qhjRsY/nzxt-relay-80-w-speakers-ap-spkw2-us,https://m.media-amazon.com/images/I/31J2f4EXfSL.jpg,2.0,80 W,70 Hz - 20 kHz,White / Black,
SteelSeries Arena 7 EU,https://pcpartpicker.com/product/3H88TW/steelseries-arena-7-eu-21-channel-speakers-61543,https://cdna.pcpartpicker.com/static/forever/images/product/73c65a27411b4644b3476c5fd906f9bb.256p.jpg,2.1,,35 Hz - 20 kHz,Black,494.06
Razer Nommo V2,https://pcpartpicker.com/product/djNYcf/razer-nommo-v2-21-channel-speakers-rz05-04750100-r3u1,https://cdna.pcpartpicker.com/static/forever/images/product/259c5871258d66f076590529c4e9f5c7.256p.jpg,2.1,,40 Hz - 20 kHz,Black,299.99
SteelSeries Arena 7 AU,https://pcpartpicker.com/product/F4BzK8/steelseries-arena-7-au-21-channel-speakers-61544,https://cdna.pcpartpicker.com/static/forever/images/product/4839a54d8db920552b186924b8b464c7.256p.jpg,2.1,,35 Hz - 20 kHz,Black,
Mackie CR3,https://pcpartpicker.com/product/mjp323/mackie-cr3-50-w-speakers-cr3,/static/forever/img/no-image.png,2.0,50 W,80 Hz - 20 kHz,,
PreSonus 3.5BT 2nd Gen,https://pcpartpicker.com/product/gLhv6h/presonus-35bt-2nd-gen-50-w-speakers-eris-35bt,https://m.media-amazon.com/images/I/415FhGd+bWL.jpg,2.0,50 W,80 Hz - 20 kHz,Black,146.99
Micca MB42,https://pcpartpicker.com/product/nrVBD3/micca-speakers-mb42,https://m.media-amazon.com/images/I/41VzGIA31cL.jpg,2.0,150 W,60 Hz - 20 kHz,,79.98
Cyber Acoustics CA-3810,https://pcpartpicker.com/product/KGV2FT/cyber-acoustics-ca-3810-40-w-21-channel-speakers-ca-3810,https://m.media-amazon.com/images/I/41QWuz5v3xL.jpg,2.1,40 W,45 Hz - 20 kHz,Black,79.98
Harman Kardon SoundSticks III,https://pcpartpicker.com/product/Vj6BD3/harman-kardon-speakers-soundsticksiii,https://m.media-amazon.com/images/I/413MyPnCvgL.jpg,2.1,40 W,44 Hz - 20 kHz,,
Audioengine HD3-WHT,https://pcpartpicker.com/product/ggZzK8/audioengine-hd3-wht-60-w-20-channel-speakers-hd3-wht,https://cdna.pcpartpicker.com/static/forever/images/product/4026abe24aa94627d447c16a1ca37952.256p.jpg,2.0,60 W,65 Hz - 22 kHz,White / Black,359.00
Creative Labs SBS E2900,https://pcpartpicker.com/product/GBLFf7/creative-labs-sbs-e2900-60-w-21-channel-speakers-51mf0490aa002,https://cdna.pcpartpicker.com/static/forever/images/product/617dc7753266327088fc3d95962a19aa.256p.jpg,2.1,60 W,50 Hz - 20 kHz,Black,102.98
Razer NOMMO PRO,https://pcpartpicker.com/product/cX66Mp/razer-nommo-pro-0-nw-21ch-speakers-rz05-02470100-r3u1,https://m.media-amazon.com/images/I/41LCGHTgBgL.jpg,2.1,,35 Hz - 20 kHz,Black,
Audioengine A2 (Black),https://pcpartpicker.com/product/hdBv6h/audioengine-speakers-a2b,https://cdna.pcpartpicker.com/static/forever/images/product/86764ffc1fac88a562744da98d5a22f0.med.256p.jpg,2.0,60 W,65 Hz - 22 kHz,,
Edifier S550,https://pcpartpicker.com/product/fYn2FT/edifier-speakers-s550,https://m.media-amazon.com/images/I/41DkiSqXZOL.jpg,5.1,280 W,20 Hz - 20 kHz,,
JBL LSR305,https://pcpartpicker.com/product/b6RFf7/jbl-speakers-lsr305,https://m.media-amazon.com/images/I/51oRGM5MKDL.jpg,2.0,82 W,43 Hz - 24 kHz,,
Logitech X-540,https://pcpartpicker.com/product/nLPzK8/logitech-speakers-9702230403,https://images-na.ssl-images-amazon.com/images/I/41aB2hM0meL.jpg,5.1,70 W,40 Hz - 20 kHz,,
Bose Companion 20,https://pcpartpicker.com/product/pm4gXL/bose-speakers-3295091300,https://m.media-amazon.com/images/I/41dax22MQBL.jpg,2.0,,,,
Micca COVO-S,https://pcpartpicker.com/product/LC648d/micca-covo-s-100w-2ch-speakers-covo-s,https://m.media-amazon.com/images/I/417TKBQqkDL.jpg,2.0,100 W,90 Hz - 20 kHz,,59.99
Micca PB42X,https://pcpartpicker.com/product/qbmmP6/micca-pb42x-30-w-20-channel-speakers-pb42x,https://m.media-amazon.com/images/I/419KoeFI-qL.jpg,2.0,30 W,60 Hz - 20 kHz,Black,129.99
PreSonus Eris E3.5 BT,https://pcpartpicker.com/product/jmfFf7/presonus-eris-e35-bt-50-w-20-channel-speakers-eris-e35-bt,https://cdna.pcpartpicker.com/static/forever/images/product/a9b5bc7e59f26bd33a4bd46c6653a48f.256p.jpg,2.0,50 W,80 Hz - 20 kHz,Black,146.99
Pioneer DM-50D-BT,https://pcpartpicker.com/product/krYRsY/pioneer-dm-50d-bt-50-w-speakers-dm-50d-bt-w,https://m.media-amazon.com/images/I/41-27w4aI3L.jpg,2.0,50 W,60 Hz - 20 kHz,White,
Bose Companion 5,https://pcpartpicker.com/product/vd3RsY/bose-companion-5-0w-21ch-speakers-40326,https://cdna.pcpartpicker.com/static/forever/images/product/59f52b5521668648128bc0b85848e671.256p.jpg,2.1,,,Black / Gray,
Creative Labs Inspire T6300,https://pcpartpicker.com/product/GGyFf7/creative-labs-inspire-t6300-57w-51ch-speakers-51mf4115aa002,https://cdna.pcpartpicker.com/static/forever/images/product/aab75ed8472f1789c810a92a558f7a25.256p.jpg,5.1,57 W,50 Hz - 20 kHz,Black,
Razer Nommo,https://pcpartpicker.com/product/r9848d/razer-nommo-0-nw-20-channel-speakers-rz05-02450100-r3g1,https://cdna.pcpartpicker.com/static/forever/images/product/29a65cf9128af9606596ecd9e6177deb.256p.jpg,2.0,,50 Hz - 20 kHz,Black,
KEF LSXBL,https://pcpartpicker.com/product/FJrYcf/kef-lsxbl-200-w-20-channel-speakers-lsxbl,https://m.media-amazon.com/images/I/41eXJl8ixdL.jpg,2.0,200 W,49 Hz - 47 kHz,Black,
Edifier S880DB,https://pcpartpicker.com/product/DkF48d/edifier-s880db-20-w-2ch-speakers-s880db,https://cdna.pcpartpicker.com/static/forever/images/product/39b25ba68fd9d38893b64682c3aef5ea.256p.jpg,2.0,20 W,55 Hz - 20 kHz,White / Brown,
Logitech Z120,https://pcpartpicker.com/product/Q3p323/logitech-z120-0w-2ch-speakers-980-000513,https://cdna.pcpartpicker.com/static/forever/images/product/cb880412d1ebd54793d416e81dfc3c74.256p.jpg,2.0,,,,
Creative Labs Creative Stage,https://pcpartpicker.com/product/Xtstt6/creative-labs-creative-stage-80-w-21-channel-speakers-mf8360,https://m.media-amazon.com/images/I/31PSdlWfkUL.jpg,2.1,80 W,55 Hz - 20 kHz,Black,
Creative Labs Sound Blaster Katana V2,https://pcpartpicker.com/product/tyNxFT/creative-labs-sound-blaster-katana-v2-126-w-21-channel-speakers-mf8380,https://m.media-amazon.com/images/I/21qVZ0j5ExL.jpg,2.1,126 W,50 Hz - 20 kHz,,
ADAM Audio A7X,https://pcpartpicker.com/product/cGKKHx/adam-audio-a7x-300-w-10-channel-speakers-a7x,https://m.media-amazon.com/images/I/319o6-E8zIL.jpg,1.0,300 W,42 Hz - 50 kHz,Black,
Kanto REN,https://pcpartpicker.com/product/DZjv6h/kanto-ren-200-w-speakers-renmu,https://m.media-amazon.com/images/I/31O6+DaixEL.jpg,2.0,200 W,50 Hz - 22 kHz,Blue,699.99
Edifier G2000,https://pcpartpicker.com/product/zgNscf/edifier-g2000-32-w-speakers-g2000-red,https://cdna.pcpartpicker.com/static/forever/images/product/e2adde16e9b4964b48e71132608a8328.256p.jpg,2.0,32 W,98 Hz - 20 kHz,Red,99.99
PreSonus Eris E4.5,https://pcpartpicker.com/product/pt8H99/presonus-speakers-erise45,https://m.media-amazon.com/images/I/31Nkou7TQ1L.jpg,2.0,50 W,70 Hz - 20 kHz,,
Onkyo GX-10DB,https://pcpartpicker.com/product/ksh2FT/onkyo-gx-10db-34-w-speakers-gx10dbbcuu,https://m.media-amazon.com/images/I/31hxL5WKg0L.jpg,2.0,34 W,20 Hz - 20 kHz,Black,249.00
Logitech THX Z-5300e,https://pcpartpicker.com/product/YDcMnQ/logitech-speakers-9701021403,https://m.media-amazon.com/images/I/41-x0K55ZTL.jpg,5.1,280 W,35 Hz - 20 kHz,,
Altec Lansing VS4621,https://pcpartpicker.com/product/TDtQzy/altec-lansing-vs4621-28-w-21ch-speakers-vs4621,https://m.media-amazon.com/images/I/31SLRGQSc8L.jpg,2.1,28 W,45 Hz - 18 kHz,Black,
KEF LSXWH,https://pcpartpicker.com/product/7rFKHx/kef-lsxwh-200-w-20-channel-speakers-lsxwh,https://m.media-amazon.com/images/I/31IrE79zKbS.jpg,2.0,200 W,49 Hz - 47 kHz,White / Black,
Yamaha Yamaha NX-50 2.0 Speaker System - 14 W RMS - Black,https://pcpartpicker.com/product/vchmP6/yamaha-yamaha-nx-50-20-speaker-system-14-w-rms-black-14-w-20-channel-speakers-nx-50bl,https://cdna.pcpartpicker.com/static/forever/images/product/d4599a543058bf7ca2049ec18293c78b.256p.jpg,2.0,14 W,55 Hz - 20 kHz,Black,
Mackie CR4-XBT,https://pcpartpicker.com/product/YT8bt6/mackie-cr4-xbt-50-w-20-channel-speakers-cr4-xbt,https://cdna.pcpartpicker.com/static/forever/images/product/85d7cf6ca79c5b9785924b20ed661068.256p.jpg,2.0,50 W,60 Hz - 20 kHz,Black / Green,
Creative Labs Pebble X,https://pcpartpicker.com/product/rB3WGX/creative-labs-pebble-x-15-w-speakers-mf1715,/static/forever/img/no-image.png,2.0,15 W,60 Hz - 20 kHz,Black / Copper,94.99
Creative Labs Stage 360,https://pcpartpicker.com/product/sL9wrH/creative-labs-stage-360-180-w-21-channel-speakers-51mf8385aa001,https://cdna.pcpartpicker.com/static/forever/images/product/40f9da4494b0e9d46dc8f1bf302599cb.256p.jpg,2.1,180 W,50 Hz - 20 kHz,Black,
Kanto YU2MG,https://pcpartpicker.com/product/rmvbt6/kanto-yu2mg-50w-2ch-speakers-yu2mg,https://cdna.pcpartpicker.com/static/forever/images/product/6eaf31beaa7841cd6a68c6211f6e01c1.256p.jpg,2.0,50 W,80 Hz - 20 kHz,Silver / Black,299.99
Fluance SX6-BK,https://pcpartpicker.com/product/Tjp323/fluance-speakers-sx6bk,https://m.media-amazon.com/images/I/31+ugHaB6NL.jpg,2.0,100 W,50 Hz - 20 kHz,,
Yamaha HS7 W,https://pcpartpicker.com/product/Xt66Mp/yamaha-hs7-w-95w-1ch-speakers-hs7-w,https://cdna.pcpartpicker.com/static/forever/images/product/7074ae83850ec5f5d5d268665c5f7def.256p.jpg,1.0,95 W,43 Hz - 30 kHz,,349.99
Mackie MR524,https://pcpartpicker.com/product/x2kj4D/mackie-mr524-005w-1ch-speakers-2048400-00,https://cdna.pcpartpicker.com/static/forever/images/product/e083e5345819255edf3c9dd5d8ac643b.256p.jpg,1.0,50 W,45 Hz - 20 kHz,Black,
Creative Labs GigaWorks T20 Series II,https://pcpartpicker.com/product/7p7wrH/creative-labs-speakers-51mf1610aa002,https://m.media-amazon.com/images/I/51bVJ2of43L.jpg,2.0,28 W,50 Hz - 20 kHz,,
Creative Labs Inspire T10,https://pcpartpicker.com/product/FbmLrH/creative-labs-speakers-51mf1601aa000,https://m.media-amazon.com/images/I/51Quvj0qh6L.jpg,2.0,10 W,80 Hz - 20 kHz,,
M-Audio BX5 D2,https://pcpartpicker.com/product/sgvRsY/m-audio-speaker-bx5d2,https://cdna.pcpartpicker.com/static/forever/images/product/5e7e1954d579e874528e197dfaf06202.med.256p.jpg,2.0,140 W,56 Hz - 22 kHz,,499.99
Audioengine A5+N,https://pcpartpicker.com/product/tRkwrH/audioengine-a5n-150-w-speakers-a5n,https://m.media-amazon.com/images/I/41ebMWlkS3L.jpg,2.0,150 W,50 Hz - 22 kHz,,
Mackie MR5mk3,https://pcpartpicker.com/product/8k648d/mackie-speakers-mr5mk3,https://m.media-amazon.com/images/I/419scLYkTvL.jpg,2.0,100 W,57 Hz - 20 kHz,,
Creative Labs A250,https://pcpartpicker.com/product/CL98TW/creative-labs-a250-9w-21ch-speakers-51mf0420aa002,https://cdna.pcpartpicker.com/static/forever/images/product/e4ebd63f487e04a861564f6649b93a92.256p.jpg,2.1,9 W,40 Hz - 20 kHz,,
Creative Labs Sound BlasterX Katana,https://pcpartpicker.com/product/PKmxFT/creative-labs-sound-blasterx-katana-0w-21ch-speakers-51mf8245aa000,https://cdna.pcpartpicker.com/static/forever/images/product/df873d7044f4807a1eaa411b1111c02d.256p.jpg,2.1,,,,
Klipsch Reference R-14PM,https://pcpartpicker.com/product/28vbt6/klipsch-reference-r-14pm-70-w-20-channel-speakers-1064297,https://cdna.pcpartpicker.com/static/forever/images/product/50b0dffcb3f79b78ecf4c919dc06182c.256p.jpg,2.0,70 W,80 Hz - 20 kHz,Black / Brown,
Kanto YU2GB,https://pcpartpicker.com/product/m397YJ/kanto-yu2gb-50w-2ch-speakers-yu2gb,https://cdna.pcpartpicker.com/static/forever/images/product/f9c258687ee713bb14a3bb7b1bd9c50a.256p.jpg,2.0,50 W,80 Hz - 20 kHz,Black,329.99
Audioengine HD3-WAL,https://pcpartpicker.com/product/tG2bt6/audioengine-hd3-wal-60-w-20-channel-speakers-hd3-wal,https://m.media-amazon.com/images/I/4199piYAdUS.jpg,2.0,60 W,65 Hz - 22 kHz,Brown / Black,
Edifier S2000 PRO,https://pcpartpicker.com/product/rpMTwP/edifier-s2000-pro-124-w-20-channel-speakers-s2000pro,https://cdna.pcpartpicker.com/static/forever/images/product/1f1b142faf98d27155df047441351b38.256p.jpg,2.0,124 W,48 Hz - 20 kHz,Brown / Black,
Mackie CR5-XBT,https://pcpartpicker.com/product/hxmmP6/mackie-cr5-xbt-80-w-20-channel-speakers-cr5-xbt,https://cdna.pcpartpicker.com/static/forever/images/product/83d8576404507c89c35e23f7b26c681e.256p.jpg,2.0,80 W,50 Hz - 20 kHz,Green / Black,
Insignia NS-PCS21,https://pcpartpicker.com/product/CTdG3C/insignia-ns-pcs21-8-w-21-channel-speakers-ns-pcs21,/static/forever/img/no-image.png,2.1,8 W,90 Hz - 18 kHz,Black,
Kanto ORA,https://pcpartpicker.com/product/rFTFf7/kanto-ora-100-w-speakers-oramr,/static/forever/img/no-image.png,2.0,100 W,70 Hz - 22 kHz,Red / Black,349.99
Micca MB42X,https://pcpartpicker.com/product/fjp323/micca-speakers-mb42x,https://m.media-amazon.com/images/I/416WIu1IJ5L.jpg,2.0,150 W,60 Hz - 20 kHz,,99.99
Edifier R2750DB,https://pcpartpicker.com/product/QBLp99/edifier-r2750db-136-w-speakers-r2750db,https://cdna.pcpartpicker.com/static/forever/images/product/4e365ddaf3d71161272021ae1e55ceda.256p.jpg,2.0,136 W,45 Hz - 20 kHz,Black,
Kanto REN,https://pcpartpicker.com/product/Cdtkcf/kanto-ren-200-w-speakers-renmg,https://m.media-amazon.com/images/I/21U083rBlgL.jpg,2.0,200 W,50 Hz - 22 kHz,Gray,699.99
Creative Labs Pebble X Plus,https://pcpartpicker.com/product/2MNscf/creative-labs-pebble-x-plus-15-w-21-channel-speakers-mf0495,/static/forever/img/no-image.png,2.1,15 W,45 Hz - 20 kHz,Black / Copper,123.49
Creative Labs Inspire T3130,https://pcpartpicker.com/product/QfXfrH/creative-labs-speakers-51mf0395aa002,https://m.media-amazon.com/images/I/41FkpY7nPQL.jpg,2.1,25 W,40 Hz - 20 kHz,,
Creative Labs Inspire T6160,https://pcpartpicker.com/product/VGphP6/creative-labs-speakers-51mf4105aa002,/static/forever/img/no-image.png,5.1,50 W,40 Hz - 20 kHz,,
Syba CL-SPK20069,https://pcpartpicker.com/product/rmXfrH/syba-speakers-clspk20069,https://m.media-amazon.com/images/I/41hNhTx4UUL.jpg,2.0,3.4 W,280 Hz - 16 kHz,,
Gigabyte GP-S4600,https://pcpartpicker.com/product/fk2kcf/gigabyte-speakers-gps4600,/static/forever/img/no-image.png,2.0,1 W,230 Hz - 20 kHz,,
Genius SP-S110,https://pcpartpicker.com/product/WfXfrH/genius-speaker-31730615100,/static/forever/img/no-image.png,2.0,1 W,200 Hz - 20 kHz,,
Cyber Acoustics CA-2012RB,https://pcpartpicker.com/product/cPw323/cyber-acoustics-speakers-ca2012rb,https://m.media-amazon.com/images/I/517hdRksBAL.jpg,2.0,1.5 W,85 Hz - 18 kHz,,
Cyber Acoustics CA-2014WB,https://pcpartpicker.com/product/ky6BD3/cyber-acoustics-speakers-ca2014wb,https://cdna.pcpartpicker.com/static/forever/images/product/5492a84835d24bd74d6c76d9b08628fa.256p.jpg,2.0,1.5 W,85 Hz - 18 kHz,,
Logitech Z320,https://pcpartpicker.com/product/dFR48d/logitech-speakers-980000329,https://m.media-amazon.com/images/I/41-OSU0yFDL.jpg,2.0,10 W,70 Hz - 20 kHz,,
Genius SW-G2.1,https://pcpartpicker.com/product/b6Gkcf/genius-speakers-31731016101,https://m.media-amazon.com/images/I/41Fba+RiHwL.jpg,2.1,70 W,35 Hz - 20 kHz,,
KRK RP6 G2,https://pcpartpicker.com/product/sPPfrH/krk-speakers-rp6g2,https://cdna.pcpartpicker.com/static/forever/images/product/4e5831f9ee63b2fc3c2490ebbe272ed3.med.256p.jpg,2.0,100 W,48 Hz - 20 kHz,,
KRK VXT 8,https://pcpartpicker.com/product/vvPfrH/krk-speakers-vxt8,https://cdna.pcpartpicker.com/static/forever/images/product/8d95af617ccd332bb8584c8cd90c24fc.med.256p.jpg,2.0,360 W,37 Hz - 22 kHz,,
Mackie MR8mk3,https://pcpartpicker.com/product/kn7CmG/mackie-speakers-mr8mk3,https://m.media-amazon.com/images/I/41jKoqBFOeL.jpg,2.0,170 W,38 Hz - 20 kHz,,
Insignia NS-PCS20,https://pcpartpicker.com/product/Ktp323/insignia-speakers-nspcs20,https://m.media-amazon.com/images/I/317B8V5l8CL.jpg,2.0,,,,
Logitech X-230,https://pcpartpicker.com/product/6hkwrH/logitech-speakers-x230,/static/forever/img/no-image.png,2.1,32 W,40 Hz - 20 kHz,,
Audioengine A2+R,https://pcpartpicker.com/product/MzfmP6/audioengine-speakers-a2r,https://cdna.pcpartpicker.com/static/forever/images/product/4857bdf3964ba44eacab9897717bd5ed.256p.jpg,2.0,60 W,65 Hz - 22 kHz,,
Logitech X-530,https://pcpartpicker.com/product/m898TW/logitech-x-530-701w-51ch-speakers-x-530,/static/forever/img/no-image.png,5.1,70.1 W,40 Hz - 20 kHz,,
Altec Lansing BX1520,https://pcpartpicker.com/product/GmyFf7/altec-lansing-bx1520-6w-2ch-speakers-bx1520,https://images-na.ssl-images-amazon.com/images/I/41Qg7iVGaPL.jpg,2.0,6 W,,,
Logitech Z337 w/BlueTooth,https://pcpartpicker.com/product/Cqx9TW/logitech-z337-wbluetooth-40w-21ch-speakers-980-001260,https://cdna.pcpartpicker.com/static/forever/images/product/ebf818e8ce22011d6299172337454c28.256p.jpg,2.1,40 W,,,
Kanto YU2Bamboo,https://pcpartpicker.com/product/VDF48d/kanto-yu2bamboo-50w-2ch-speakers-yu2bamboo,https://cdna.pcpartpicker.com/static/forever/images/product/bcbd1c56332509b785b1a1fe9345bd92.256p.jpg,2.0,50 W,80 Hz - 20 kHz,Brown / Black,
Kanto YU2GT,https://pcpartpicker.com/product/8jCD4D/kanto-yu2gt-50w-2ch-speakers-yu2gt,https://cdna.pcpartpicker.com/static/forever/images/product/f810262e25e3f95ba11df15c89a81845.256p.jpg,2.0,50 W,80 Hz - 20 kHz,Blue / Black,
Edifier S1000DB,https://pcpartpicker.com/product/kqQfrH/edifier-s1000db-120-w-20-channel-speakers-s1000db,https://cdna.pcpartpicker.com/static/forever/images/product/54a89d0242d525e16e1b0e10d6119dee.256p.jpg,2.0,120 W,48 Hz - 20 kHz,Brown / Black,
SteelSeries Arena 3 EU,https://pcpartpicker.com/product/qbCZxr/steelseries-arena-3-eu-speakers-61536,https://cdna.pcpartpicker.com/static/forever/images/product/ab2228c407e470f526c46c5710931f53.256p.jpg,2.0,,50 Hz - 20 kHz,Black,232.18
Kanto ORA,https://pcpartpicker.com/product/kMpD4D/kanto-ora-100-w-speakers-oraml,https://m.media-amazon.com/images/I/31UOfaVBh4L.jpg,2.0,100 W,70 Hz - 22 kHz,Purple / Black,349.99
Mackie MR824,https://pcpartpicker.com/product/rmL48d/mackie-mr824-0085w-1ch-speakers-2048440-00,https://cdna.pcpartpicker.com/static/forever/images/product/9969034735e952a5a8e0fcb1617f12de.256p.jpg,1.0,85 W,35 Hz - 20 kHz,Black,299.99
SteelSeries Arena 7 UK,https://pcpartpicker.com/product/97pQzy/steelseries-arena-7-uk-21-channel-speakers-61542,https://m.media-amazon.com/images/I/31ADltRUUUL.jpg,2.1,,35 Hz - 20 kHz,Black,
Vanatoo Transparent Zero Plus,https://pcpartpicker.com/product/cnyH99/vanatoo-transparent-zero-plus-96-w-speakers-t0pb,https://m.media-amazon.com/images/I/419xynq7iNL.jpg,2.0,96 W,52 Hz - 20 kHz,Black,499.99
Creative Labs T12,https://pcpartpicker.com/product/x2vRsY/creative-labs-speakers-51mf1650aa002,https://cdna.pcpartpicker.com/static/forever/images/product/55533f0d0fbe903520f4789cd7cf4767.256p.jpg,2.0,18 W,20 Hz - 20 kHz,,
Logitech X-140,https://pcpartpicker.com/product/Jk2kcf/logitech-speakers-9702640403,https://m.media-amazon.com/images/I/515yHJDRE9L.jpg,2.0,4 W,80 Hz - 18 kHz,,
Genius 31730027102,https://pcpartpicker.com/product/8bmLrH/genius-speakers-31730027102,https://images-na.ssl-images-amazon.com/images/I/41IrmVLZ2yL.jpg,2.0,30 W,50 Hz - 20 kHz,,
Gigabyte GP-S2000,https://pcpartpicker.com/product/nGphP6/gigabyte-speakers-gps2000,https://cdna.pcpartpicker.com/static/forever/images/product/af2d9f34c6b7c787a7b7da3c0c3a630a.med.256p.jpg,2.0,4 W,100 Hz - 20 kHz,,
Gear Head SP2000URED,https://pcpartpicker.com/product/Zr4gXL/gear-head-speakers-sp2000ured,https://m.media-amazon.com/images/I/31IlUGxmrUL.jpg,2.0,3 W,200 Hz - 20 kHz,,
Creative Labs Inspire S2,https://pcpartpicker.com/product/92vRsY/creative-labs-speakers-51mf0390aa003,https://m.media-amazon.com/images/I/41Go3AJ57VL.jpg,2.1,33 W,40 Hz - 20 kHz,,
Cyber Acoustics CA-2002,https://pcpartpicker.com/product/yRrG3C/cyber-acoustics-speakers-ca2002,https://m.media-amazon.com/images/I/41Hq4pRdr4L.jpg,2.0,6 W,270 Hz - 18 kHz,,
Cyber Acoustics CA-2100WB,https://pcpartpicker.com/product/Xp7wrH/cyber-acoustics-speakers-ca2100wb,https://m.media-amazon.com/images/I/41onCeHv3gL.jpg,2.0,5.8 W,35 Hz - 18 kHz,,
Logitech LS11,https://pcpartpicker.com/product/PYvRsY/logitech-speakers-980000048,https://m.media-amazon.com/images/I/41vc7qHPDIL.jpg,2.0,3 W,70 Hz - 20 kHz,,
Logitech Z523,https://pcpartpicker.com/product/4GphP6/logitech-speakers-980000319,https://m.media-amazon.com/images/I/41xaE1iJ7tL.jpg,2.1,40 W,48 Hz - 20 kHz,,
M-Audio Studiophile AV40,https://pcpartpicker.com/product/c7tCmG/m-audio-speaker-av40,/static/forever/img/no-image.png,2.0,40 W,85 Hz - 20 kHz,,
Harman Kardon SoundSticks Wireless,https://pcpartpicker.com/product/bnPfrH/harman-kardon-speakers-soundstickswireless,https://cdna.pcpartpicker.com/static/forever/images/product/074d3708e3fcb68714d98e306e6eedb9.256p.jpg,2.1,40 W,44 Hz - 20 kHz,,
Harman Kardon GLA-55,https://pcpartpicker.com/product/WnPfrH/harman-kardon-speakers-gla55,/static/forever/img/no-image.png,2.0,112 W,35 Hz - 20 kHz,,
Audioengine A5,https://pcpartpicker.com/product/GtMFf7/audioengine-speakers-a5,/static/forever/img/no-image.png,2.0,100 W,50 Hz - 22 kHz,,
KRK RP8 G2,https://pcpartpicker.com/product/yZh9TW/krk-speakers-rp8g2,https://m.media-amazon.com/images/I/31fECzW7YvL.jpg,2.0,140 W,44 Hz - 20 kHz,,
Lenovo M1730,https://pcpartpicker.com/product/JvTmP6/lenovo-speakers-0b99246,/static/forever/img/no-image.png,2.1,12 W,20 Hz - 20 kHz,,
M-Audio AV42,https://pcpartpicker.com/product/2L2rxr/m-audio-speakers-av42,https://m.media-amazon.com/images/I/41zMAOwuGqL.jpg,2.0,40 W,75 Hz - 20 kHz,,200.00
Logitech Z-2300,https://pcpartpicker.com/product/6y4NnQ/logitech-speakers-z2300,/static/forever/img/no-image.png,2.1,200 W,,,
Logitech Z150,https://pcpartpicker.com/product/pk4gXL/logitech-speakers-980000803,/static/forever/img/no-image.png,2.0,,,,
JBL LSR4328P/PAK,https://pcpartpicker.com/product/dbKhP6/jbl-speakers-lsr4328ppak,/static/forever/img/no-image.png,2.0,140 W,50 Hz - 20 kHz,,
Edifier R19U,https://pcpartpicker.com/product/xntWGX/edifier-speakers-r19u,https://cdna.pcpartpicker.com/static/forever/images/product/c657c9ff32270b4c41cc24a79ffb4832.256p.jpg,2.0,4 W,150 Hz - 20 kHz,,
HiVi M10,https://pcpartpicker.com/product/Nk98TW/hivi-m10-0w-21ch-speakers-m10,/static/forever/img/no-image.png,2.1,,100 Hz - 20 kHz,,
Microlab FC 330,https://pcpartpicker.com/product/H34NnQ/microlab-fc-330-64w-21ch-speakers-microlabfc330,https://cdna.pcpartpicker.com/static/forever/images/product/2bb56a6c883064070c861f671c7006a2.256p.jpg,2.1,64 W,35 Hz - 20 kHz,,
Razer Ferox,https://pcpartpicker.com/product/4V38TW/razer-ferox-6w-2ch-speakers-rz05-00500200-r3u2,/static/forever/img/no-image.png,2.0,6 W,150 Hz - 20 kHz,,
V7 SP2000-USB-1NC,https://pcpartpicker.com/product/N2RFf7/v7-sp2000-usb-1nc-1w-2ch-speakers-sp2000-usb-1nc,https://m.media-amazon.com/images/I/41aGiA2fy2L.jpg,2.0,1 W,,,
Cyber Acoustics CA-2027,https://pcpartpicker.com/product/qZwqqs/cyber-acoustics-ca-2027-5w-2ch-speakers-ca-2027,https://m.media-amazon.com/images/I/41osuRTuflL.jpg,2.0,5 W,,,
Altec Lansing BX1521,https://pcpartpicker.com/product/kGsKHx/altec-lansing-bx1521-0w-21ch-speakers-bx1521,https://images-na.ssl-images-amazon.com/images/I/318Ah-PcATL.jpg,2.1,,,,
Edifier Luna Eclipse E25,https://pcpartpicker.com/product/WMgzK8/edifier-luna-eclipse-e25-74w-2ch-speakers-4000874,https://cdna.pcpartpicker.com/static/forever/images/product/485f0c5f67a92a83b0addcabe93b79a1.256p.jpg,2.0,74 W,30 Hz - 20 kHz,Black,
JBL Pebbles,https://pcpartpicker.com/product/gWdxFT/jbl-pebbles-0w-2ch-speakers-jblpebblesblkam,/static/forever/img/no-image.png,2.0,,70 Hz - 20 kHz,Black / Red,
Fluance Ai60 Black Ash,https://pcpartpicker.com/product/6VgQzy/fluance-ai60-black-ash-100-w-20-channel-speakers-ai60,https://cdna.pcpartpicker.com/static/forever/images/product/2c19933790ef3cbf8e86aa99c85b32c9.256p.jpg,2.0,100 W,35 Hz - 30 kHz,Black / Beige,
Fluance Ai60 Lucky Bamboo,https://pcpartpicker.com/product/jQxbt6/fluance-ai60-lucky-bamboo-100-w-20-channel-speakers-ai60w,https://cdna.pcpartpicker.com/static/forever/images/product/bd9de07201f5f15eba9a34f37e8b99ff.256p.jpg,2.0,100 W,35 Hz - 30 kHz,White / White,
KEF LSXBLUE,https://pcpartpicker.com/product/3cpmP6/kef-lsxblue-200-w-20-channel-speakers-lsxblue,https://m.media-amazon.com/images/I/41QOQc-Fi-L.jpg,2.0,200 W,49 Hz - 47 kHz,Blue / Black,
KEF LSXGRN,https://pcpartpicker.com/product/RNCFf7/kef-lsxgrn-200-w-20-channel-speakers-lsxgrn,https://m.media-amazon.com/images/I/41M0p9jv3dS.jpg,2.0,200 W,49 Hz - 47 kHz,Green / Black,
Vanatoo Transparent Zero,https://pcpartpicker.com/product/mJ4Ycf/vanatoo-96-w-20-channel-speakers-t0-black,/static/forever/img/no-image.png,2.0,96 W,52 Hz - 20 kHz,Black,
Mackie CR3-X,https://pcpartpicker.com/product/VVDQzy/mackie-cr3-x-50-w-speakers-2053023-00,/static/forever/img/no-image.png,2.0,50 W,80 Hz - 20 kHz,White,
SteelSeries Arena 3 AU,https://pcpartpicker.com/product/gPgrxr/steelseries-arena-3-au-speakers-61537,https://m.media-amazon.com/images/I/31lY65BhdRL.jpg,2.0,,50 Hz - 20 kHz,Black,149.99
SteelSeries Arena 3 UK,https://pcpartpicker.com/product/KhmNnQ/steelseries-arena-3-uk-speakers-61535,https://cdna.pcpartpicker.com/static/forever/images/product/acce4e016ebf8c15bcdb71fa3f411951.256p.jpg,2.0,,50 Hz - 20 kHz,Black,
Pioneer DM-50D-BT,https://pcpartpicker.com/product/xqBzK8/pioneer-dm-50d-bt-50-w-speakers-dm-50d-bt,https://m.media-amazon.com/images/I/31IaQSdIsPL.jpg,2.0,50 W,60 Hz - 20 kHz,Black,
Kanto ORA,https://pcpartpicker.com/product/2ycBD3/kanto-ora-100-w-speakers-oramg,https://m.media-amazon.com/images/I/31yB2yAunFL.jpg,2.0,100 W,70 Hz - 22 kHz,Gray / Black,349.99
ELAC DCB61,https://pcpartpicker.com/product/wpkqqs/elac-dcb61-320-w-speaker-dcb61-w,/static/forever/img/no-image.png,1.0,320 W,48 Hz - 22 kHz,White / Black,
Edifier S3000MKII,https://pcpartpicker.com/product/tpsMnQ/edifier-s3000mkii-256-w-speakers-edifier-s3000mkii-brown,/static/forever/img/no-image.png,2.0,256 W,38 Hz - 20 kHz,Brown / Black,
Kanto ORA,https://pcpartpicker.com/product/8NG2FT/kanto-ora-100-w-speakers-oramw,https://m.media-amazon.com/images/I/31nX81kCl5L.jpg,2.0,100 W,70 Hz - 22 kHz,White / Black,323.50
Mackie MR624,https://pcpartpicker.com/product/kjGxFT/mackie-mr624-0065w-1ch-speakers-2048420-00,https://m.media-amazon.com/images/I/415WIz3OrBL.jpg,1.0,65 W,38 Hz - 20 kHz,Black,249.99
M-Audio BX5 D3,https://pcpartpicker.com/product/BB448d/m-audio-bx5-d3-01w-1ch-speakers-bx5-d3,https://cdna.pcpartpicker.com/static/forever/images/product/7386c02d6787145f55aa020bf43d7d18.256p.jpg,1.0,100 W,52 Hz - 35 kHz,Black,
Creative Labs A60,https://pcpartpicker.com/product/RYvRsY/creative-labs-speakers-51mf1635aa003,https://cdna.pcpartpicker.com/static/forever/images/product/47ca99cc13531a29704454b6dce3dea3.256p.jpg,2.0,4 W,90 Hz - 20 kHz,,
Cyber Acoustics CA3550RB,https://pcpartpicker.com/product/wFR48d/cyber-acoustics-speakers-ca3550rb,https://m.media-amazon.com/images/I/31K8P6OA5aL.jpg,2.1,68 W,22 Hz - 20 kHz,,
Genius SP-HF800A,https://pcpartpicker.com/product/mmXfrH/genius-speakers-31730997101,https://m.media-amazon.com/images/I/51ynanzcRUL.jpg,2.0,20 W,80 Hz - 20 kHz,,
Logitech Z553,https://pcpartpicker.com/product/xVxfrH/logitech-speakers-980000649,https://images-na.ssl-images-amazon.com/images/I/316lNwmPM4L.jpg,2.1,40 W,55 Hz - 17 kHz,,
Creative Labs A220,https://pcpartpicker.com/product/3gvRsY/creative-labs-speakers-51mf0400aa002,https://m.media-amazon.com/images/I/417BjSVOK4L.jpg,2.1,9 W,40 Hz - 20 kHz,,
Cyber Acoustics CA3001WB,https://pcpartpicker.com/product/CvBv6h/cyber-acoustics-speakers-ca3001wb,https://cdna.pcpartpicker.com/static/forever/images/product/c0923c07b7645505bd4d34afeed97f9e.256p.jpg,2.1,14 W,38 Hz - 18 kHz,,
Microlab SP-FC20BK,https://pcpartpicker.com/product/4mXfrH/microlab-speakers-spfc20bk,https://cdna.pcpartpicker.com/static/forever/images/product/16f64ac8c709893b213dc4bb6890f3f2.256p.jpg,2.1,40 W,50 Hz - 18 kHz,,
Microlab SP-FC20WH,https://pcpartpicker.com/product/jKzv6h/microlab-speakers-spfc20wh,https://cdna.pcpartpicker.com/static/forever/images/product/ebd13010a0cb63e9922d1d755fb80bac.256p.jpg,2.1,40 W,50 Hz - 18 kHz,,
Syba CL-SPK20097,https://pcpartpicker.com/product/22vRsY/syba-speakers-clspk20097,https://images-na.ssl-images-amazon.com/images/I/41WkP1RJYzL.jpg,2.0,6 W,150 Hz - 20 kHz,,
Genius SW-G2.1 1250,https://pcpartpicker.com/product/xRrG3C/genius-speakers-31730980101,https://cdna.pcpartpicker.com/static/forever/images/product/1c137f71c4e85a9470907499fa044cd6.256p.jpg,2.1,38 W,58 Hz - 20 kHz,,
Cyber Acoustics CA3001RB,https://pcpartpicker.com/product/DX4gXL/cyber-acoustics-speakers-ca3001rb,https://m.media-amazon.com/images/I/31cvNFInTlL.jpg,2.1,14 W,38 Hz - 18 kHz,,
Creative Labs GigaWorks T3,https://pcpartpicker.com/product/2r4gXL/creative-labs-speakers-51mf0365aa002,https://images-na.ssl-images-amazon.com/images/I/415Y-u9RGbL.jpg,2.1,80 W,30 Hz - 20 kHz,,
Gear Head SP2000USLV,https://pcpartpicker.com/product/VZV48d/gear-head-speakers-sp2000uslv,https://m.media-amazon.com/images/I/31zOncsHXIL.jpg,2.0,3 W,200 Hz - 20 kHz,,
Gear Head SP2000UBLU,https://pcpartpicker.com/product/TN8Zxr/gear-head-speakers-sp2000ublu,https://m.media-amazon.com/images/I/41l1F1fPkQL.jpg,2.0,3 W,200 Hz - 20 kHz,,
Syba CL-SPK20115,https://pcpartpicker.com/product/bwLypg/syba-speakers-clspk20115,https://m.media-amazon.com/images/I/41Lyjrmt5tL.jpg,2.0,6 W,150 Hz - 20 kHz,,
Cyber Acoustics CA-2011WB,https://pcpartpicker.com/product/sBXfrH/cyber-acoustics-speakers-ca2011wb,https://images-fe.ssl-images-amazon.com/images/I/51rq%2B0NP5GL.jpg,2.0,4 W,220 Hz - 20 kHz,,
Cyber Acoustics CA-5402,https://pcpartpicker.com/product/J2vRsY/cyber-acoustics-speaker-ca5402,https://m.media-amazon.com/images/I/31v5Y0+qHXL.jpg,5.1,40 W,70 Hz - 20 kHz,,
Cyber Acoustics CA-3602,https://pcpartpicker.com/product/wZV48d/cyber-acoustics-speakers-ca3602,https://m.media-amazon.com/images/I/31NjHKMnsVL.jpg,2.1,30 W,50 Hz - 20 kHz,,
Logitech LS21,https://pcpartpicker.com/product/vZV48d/logitech-speakers-980000058,https://m.media-amazon.com/images/I/41EgYzptH4L.jpg,2.1,7 W,40 Hz - 20 kHz,,
M-Audio Studiophile AV20,https://pcpartpicker.com/product/DFR48d/m-audio-speaker-av20,https://images-na.ssl-images-amazon.com/images/I/51s0-SDnxcL.jpg,2.0,10 W,120 Hz - 20 kHz,,
M-Audio BX8 D2,https://pcpartpicker.com/product/y7tCmG/m-audio-speaker-bx8d2,https://m.media-amazon.com/images/I/41j1LaHKeZL.jpg,2.0,260 W,30 Hz - 22 kHz,,
M-Audio Studiophile AV30,https://pcpartpicker.com/product/Ck2kcf/m-audio-speaker-av30,https://m.media-amazon.com/images/I/41C4xYIzq3L.jpg,2.0,20 W,90 Hz - 20 kHz,,
Genius SP-HF1800A,https://pcpartpicker.com/product/XN8Zxr/genius-speakers-31730936100,https://cdna.pcpartpicker.com/static/forever/images/product/7b2e33886c935cbfb5b906143e7b0b78.256p.jpg,2.0,50 W,20 Hz - 20 kHz,,
Audioengine A2 (White),https://pcpartpicker.com/product/LqGkcf/audioengine-speakers-a2,https://m.media-amazon.com/images/I/31Wt3JrUq0L.jpg,2.0,30 W,65 Hz - 22 kHz,,
KRK RP5 G2,https://pcpartpicker.com/product/cVjG3C/krk-speakers-rp5g2,https://m.media-amazon.com/images/I/31A9Pa+YpDL.jpg,2.0,90 W,52 Hz - 20 kHz,,
KRK VXT 6,https://pcpartpicker.com/product/JqGkcf/krk-speakers-vxt6,https://m.media-amazon.com/images/I/41BLyn-5acL.jpg,2.0,180 W,49 Hz - 22 kHz,,
KRK VXT4,https://pcpartpicker.com/product/XdBv6h/krk-speakers-vxt4,https://images-eu.ssl-images-amazon.com/images/I/41Y8b86%2BjzL.jpg,2.0,90 W,66 Hz - 22 kHz,,
Creative Labs Inspire T3300,https://pcpartpicker.com/product/m3FXsY/creative-labs-speakers-51mf0415aa004,https://m.media-amazon.com/images/I/41fpv9r02+L.jpg,2.1,27 W,40 Hz - 20 kHz,,
Creative Labs T30,https://pcpartpicker.com/product/F8YWGX/creative-labs-speakers-51mf1655aa001,https://cdna.pcpartpicker.com/static/forever/images/product/d448b52fe54e5da91c0bf8d3144007a3.256p.jpg,2.0,14 W,50 Hz - 20 kHz,,
Creative Labs T50,https://pcpartpicker.com/product/3ZRFf7/creative-labs-speakers-51mf1665aa001,https://m.media-amazon.com/images/I/41EvdfZgJdL.jpg,2.0,40 W,50 Hz - 20 kHz,,
Mackie CR4,https://pcpartpicker.com/product/8PnG3C/mackie-speakers-cr4,https://cdna.pcpartpicker.com/static/forever/images/product/4ed2562520044d0753e293fc88fb8da0.256p.jpg,2.0,28 W,60 Hz - 20 kHz,,
Mackie MR6mk3,https://pcpartpicker.com/product/xmgPxr/mackie-speakers-mr6mk3,https://m.media-amazon.com/images/I/41v2NoB9xxL.jpg,2.0,130 W,46 Hz - 20 kHz,,
M-Audio AV32,https://pcpartpicker.com/product/rCL7YJ/m-audio-speakers-av32,https://m.media-amazon.com/images/I/31SD--s+8LL.jpg,2.0,20 W,80 Hz - 20 kHz,,
Behringer MS16,https://pcpartpicker.com/product/4y4NnQ/behringer-speakers-ms16,https://cdna.pcpartpicker.com/static/forever/images/product/85f397e8ad8dda90f50752016f992f90.256p.jpg,2.0,16 W,80 Hz - 20 kHz,,
Creative Labs Inspire T3100,https://pcpartpicker.com/product/HrDzK8/creative-labs-speakers-51mf0336aa000,/static/forever/img/no-image.png,2.1,29 W,40 Hz - 20 kHz,,
Avermedia GS315,https://pcpartpicker.com/product/nPX2FT/avermedia-speakers-gs315,https://cdna.pcpartpicker.com/static/forever/images/product/303284a20551f1442fda0785bfd90ccb.256p.jpg,2.1,77 W,35 Hz - 20 kHz,,
Creative Labs A550,https://pcpartpicker.com/product/N8rcCJ/creative-labs-speakers-51mf4120aa000,https://m.media-amazon.com/images/I/41kdQ7k+juL.jpg,5.1,,,,
Rosewill SP-7260,https://pcpartpicker.com/product/Lt8H99/rosewill-sp-7260-0w-2ch-speakers-sp-7260,https://images-na.ssl-images-amazon.com/images/I/51rFuQTD2BL.jpg,2.0,,60 Hz - 20 kHz,,
Creative Labs Sound BlasterX Kratos S5,https://pcpartpicker.com/product/ZktWGX/creative-labs-sound-blasterx-kratos-s5-0w-21ch-speakers-51mf0470aa001,https://m.media-amazon.com/images/I/41jv6guOnZL.jpg,2.1,,,,
Creative Labs Sound BlasterX Kratos S3,https://pcpartpicker.com/product/TXQRsY/creative-labs-sound-blasterx-kratos-s3-0w-21ch-speakers-51mf0475aa001,https://m.media-amazon.com/images/I/41cpINA+mzL.jpg,2.1,,,,
Genius SP-U115,https://pcpartpicker.com/product/rbtWGX/genius-sp-u115-0w-2ch-speakers-sp-u115,/static/forever/img/no-image.png,2.0,,200 Hz - 18 kHz,,
Sony BSP10,https://pcpartpicker.com/product/ZrH48d/sony-bsp10-20w-1ch-speakers-1287-2374,https://m.media-amazon.com/images/I/41Mxa-GY7vL.jpg,1.0,20 W,,,
Logitech S-220,https://pcpartpicker.com/product/827CmG/logitech-s-220-17-w-21-channel-speakers-s-220,/static/forever/img/no-image.png,2.1,17 W,85 Hz - 15 kHz,Black,
Avermedia GS315-DM,https://pcpartpicker.com/product/4FGj4D/avermedia-gs315-dm-77w-21ch-speakers-gs315-dm,https://cdna.pcpartpicker.com/static/forever/images/product/ab77d350fc3ac8dc6e50cecf43d151b5.256p.jpg,2.1,77 W,35 Hz - 20 kHz,,
Cyber Acoustics Curve Sonic,https://pcpartpicker.com/product/XMvZxr/cyber-acoustics-curve-sonic-3w-2ch-speakers-sonic,https://cdna.pcpartpicker.com/static/forever/images/product/20bc3df4dd0201d4abf4cb20a99d2411.256p.jpg,2.0,3 W,,,
Creative Labs T3250,https://pcpartpicker.com/product/6CzZxr/creative-labs-t3250-0w-21ch-speakers-51mf0450aa003,https://images-na.ssl-images-amazon.com/images/I/41tdKoyQfPL.jpg,2.1,,,,
Cyber Acoustics CA-2014RB-ML,https://pcpartpicker.com/product/8TnG3C/cyber-acoustics-ca-2014rb-ml-4w-2ch-speakers-ca-2014rb-ml,https://cdna.pcpartpicker.com/static/forever/images/product/2eed7d6c25e67cfa73fc58fad75de391.256p.jpg,2.0,4 W,,,
Cyber Acoustics Curve Storm,https://pcpartpicker.com/product/GntWGX/cyber-acoustics-curve-storm-22w-21ch-speakers-ca-3350,https://m.media-amazon.com/images/I/41B+oKc-3cL.jpg,2.1,22 W,,,70.50
Altec Lansing VS3030,https://pcpartpicker.com/product/kH98TW/altec-lansing-vs3030-0w-2ch-speakers-vs3030,/static/forever/img/no-image.png,2.0,,,,
Pioneer SP-BS21-LR,https://pcpartpicker.com/product/cH97YJ/pioneer-sp-bs21-lr-80w-2ch-speakers-sp-bs21-lr,https://cdna.pcpartpicker.com/static/forever/images/product/79876491f154e93c4843e877b83eff60.256p.jpg,2.0,80 W,65 Hz - 20 kHz,,
Swan Speakers M200MkIII,https://pcpartpicker.com/product/22m323/swan-speakers-m200mkiii-120w-2ch-speakers-m200mkiii,/static/forever/img/no-image.png,2.0,120 W,53 Hz - 20 kHz,Brown / Black,
Swan Speakers M50W,https://pcpartpicker.com/product/ZyKcCJ/swan-speakers-m50w-114w-21ch-speakers-m50w,/static/forever/img/no-image.png,2.1,114 W,38 Hz - 20 kHz,Brown / Black,
Mackie MRS10,https://pcpartpicker.com/product/22kj4D/mackie-mrs10-012w-1ch-speakers-2048460-00,https://m.media-amazon.com/images/I/41o-RwGc8UL.jpg,1.0,120 W,40 Hz - 180 Hz,Black,
M-Audio BX8 D3,https://pcpartpicker.com/product/Tk8j4D/m-audio-bx8-d3-150w-1ch-speakers-bx8-d3,https://m.media-amazon.com/images/I/41YJOkjs8UL.jpg,1.0,150 W,37 Hz - 22 kHz,Black,
M-Audio BX8 CARBON,https://pcpartpicker.com/product/ZbdxFT/m-audio-bx8-carbon-130w-1ch-speakers-bx8-carbon,/static/forever/img/no-image.png,1.0,130 W,38 Hz - 22 kHz,Black / Silver,
M-Audio BX6 CARBON,https://pcpartpicker.com/product/YDMwrH/m-audio-bx6-carbon-100w-1ch-speakers-bx6-carbon,/static/forever/img/no-image.png,1.0,100 W,45 Hz - 22 kHz,Black / Silver,
M-Audio M3-8 (black),https://pcpartpicker.com/product/4LjJ7P/m-audio-m3-8-black-220w-1ch-speakers-m3-8-black,/static/forever/img/no-image.png,1.0,220 W,38 Hz - 22 kHz,Black,
M-Audio BX5 D3 Crimson,https://pcpartpicker.com/product/BKx2FT/m-audio-bx5-d3-crimson-100w-1ch-speakers-bx5-d3-crimson,/static/forever/img/no-image.png,1.0,100 W,52 Hz - 35 kHz,Black / Red,
Kanto YU2GR,https://pcpartpicker.com/product/kjCD4D/kanto-yu2gr-50w-2ch-speakers-yu2gr,https://m.media-amazon.com/images/I/31y6lWfUZ4L.jpg,2.0,50 W,80 Hz - 20 kHz,Red / Black,
Genius G2.1 2000,https://pcpartpicker.com/product/qhJtt6/genius-g21-2000-45w-21ch-speakers-g21-2000,https://m.media-amazon.com/images/I/41hiVWpSvuL.jpg,2.1,45 W,25 Hz - 20 kHz,Black / Blue,
Audioengine HD3-CHR,https://pcpartpicker.com/product/pcBhP6/audioengine-hd3-chr-60-w-20-channel-speakers-hd3-chr,https://m.media-amazon.com/images/I/41vU3nmUeuL.jpg,2.0,60 W,65 Hz - 22 kHz,Red / Black,
Fluance Ai60 Natural Walnut,https://pcpartpicker.com/product/zxPgXL/fluance-ai60-natural-walnut-100-w-20-channel-speakers-ai60b,https://cdna.pcpartpicker.com/static/forever/images/product/646de91007a754acff362d17a4e9011e.256p.jpg,2.0,100 W,35 Hz - 30 kHz,Black / Brown,
Fluance Ai60 White Walnut,https://pcpartpicker.com/product/BHsnTW/fluance-ai60-white-walnut-100-w-20-channel-speakers-ai60ww,https://cdna.pcpartpicker.com/static/forever/images/product/c4d0467d31e848a40a193454fcab65c0.256p.jpg,2.0,100 W,35 Hz - 30 kHz,White / Brown,
HiFiMAN X100,https://pcpartpicker.com/product/YKvqqs/hifiman-x100-11-w-21-channel-speakers-x100,/static/forever/img/no-image.png,2.1,11 W,20 Hz - 20 kHz,Black,
Vanatoo Transparent One Encore,https://pcpartpicker.com/product/xPBG3C/vanatoo-transparent-one-encore-240-w-20-channel-speakers-t1e-cherry,/static/forever/img/no-image.png,2.0,240 W,48 Hz - 20 kHz,Black / Brown,
Vanatoo Transparent One Encore,https://pcpartpicker.com/product/8CXJ7P/vanatoo-transparent-one-encore-240-w-20-channel-speakers-t1e-black,https://m.media-amazon.com/images/I/31zRdxuyysL.jpg,2.0,240 W,48 Hz - 20 kHz,Black,
SteelSeries Arena 3 SK,https://pcpartpicker.com/product/QRgrxr/steelseries-arena-3-sk-speakers-61539,/static/forever/img/no-image.png,2.0,,50 Hz - 20 kHz,Black,
SteelSeries Arena 7 JP,https://pcpartpicker.com/product/RzFmP6/steelseries-arena-7-jp-21-channel-speakers-61545,/static/forever/img/no-image.png,2.1,,35 Hz - 20 kHz,Black,
SteelSeries Arena 9 JP,https://pcpartpicker.com/product/m3mNnQ/steelseries-arena-9-jp-51-channel-speakers-61551,/static/forever/img/no-image.png,5.1,,35 Hz - 20 kHz,Black,
Trust GXT 606 JAVV,https://pcpartpicker.com/product/R4TZxr/trust-gxt-606-javv-6-w-speakers-23379,https://cdna.pcpartpicker.com/static/forever/images/product/292e198de1e2aa91de4ba7c4edd017af.256p.jpg,2.0,6 W,160 Hz - 20 kHz,Gray / Black,
Creative Labs Sound Blaster GS3 Rev C,https://pcpartpicker.com/product/kx88TW/creative-labs-sound-blaster-gs3-rev-c-12-w-speakers-03mf846500000-rev-c,/static/forever/img/no-image.png,2.0,12 W,65 Hz - 20 kHz,Black,
Trust Gemi,https://pcpartpicker.com/product/BfsV3C/trust-gemi-12-w-speakers-22978,/static/forever/img/no-image.png,2.0,12 W,20 Hz - 20 kHz,Blue / Black,
Trust Gemi,https://pcpartpicker.com/product/Tbn9TW/trust-gemi-12-w-speakers-22979,/static/forever/img/no-image.png,2.0,12 W,20 Hz - 20 kHz,Red / Black,
ELAC DCB61,https://pcpartpicker.com/product/Gwvscf/elac-dcb61-320-w-speaker-dcb61-ol,/static/forever/img/no-image.png,1.0,320 W,48 Hz - 22 kHz,Green / Black,
ELAC DCB61,https://pcpartpicker.com/product/MDsMnQ/elac-dcb61-320-w-speaker-dcb61-wn,/static/forever/img/no-image.png,1.0,320 W,48 Hz - 22 kHz,Brown / Black,
