Name,URL,Image,Resolution,Connection,Focus Type,Operating System,FOV Angle,Price
OBSBOT Tiny 2,https://pcpartpicker.com/product/XVCZxr/obsbot-tiny-2-webcam-owb-2204-ce,https://cdna.pcpartpicker.com/static/forever/images/product/4d3cc6020ee43a53aaacdefd372595a1.256p.jpg,"4k, 2k, 1080p, 720p, 480p",USB 3.2 Gen 1 Type-A,Auto,"Windows, OS X",85.5°,299.00
Logitech BRIO Ultra HD Pro,https://pcpartpicker.com/product/zxqBD3/logitech-brio-ultra-hd-pro-webcam-960-001105,https://cdna.pcpartpicker.com/static/forever/images/product/6c931846f8b1f5346a3700526272ea24.256p.jpg,"4k, 1080p, 720p",USB 3.2 Gen 1 Type-A,Auto,"Windows, OS X, ChromeOS",82°,119.99
Anker PowerConf C200,https://pcpartpicker.com/product/czt9TW/anker-powerconf-c200-webcam-a3369,https://m.media-amazon.com/images/I/41rBxqhtMsL.jpg,"2k, 1080p, 720p",USB 3.2 Gen 1 Type-C,Auto,"Windows, OS X",95°,47.99
Insta360 Link2 Pro,https://pcpartpicker.com/product/qKDnTW/insta360-link2-pro-webcam-cinsabpa,https://m.media-amazon.com/images/I/31IbNDWozJL.jpg,"4k, 1080p, 720p",USB 2.0 Type-C,Auto,"Windows, OS X",83.9°,249.99
Logitech C270,https://pcpartpicker.com/product/8krYcf/logitech-c270-webcam-960-000694,https://cdna.pcpartpicker.com/static/forever/images/product/2ea46c5847b08c504b33b7d4c8ef39d7.256p.jpg,720p,USB 2.0 Type-A,Fixed,"Windows, OS X, ChromeOS, Android",60°,19.98
Logitech C920 HD Pro,https://pcpartpicker.com/product/Wd2bt6/logitech-c920-hd-pro-webcam-960-000764,https://cdna.pcpartpicker.com/static/forever/images/product/c62b66e9b02a82a043c913ff5f43b4f4.256p.jpg,"1080p, 720p",USB 2.0 Type-A,Auto,"Windows, OS X, ChromeOS, Android",78°,69.90
Logitech BRIO STREAM,https://pcpartpicker.com/product/jkxxFT/logitech-brio-stream-webcam-960-001194,https://m.media-amazon.com/images/I/31wEKbWlm5L.jpg,"4k, 1080p, 720p",USB 3.2 Gen 1 Type-A,Auto,"Windows, OS X, ChromeOS",90°,
UGREEN 65381,https://pcpartpicker.com/product/vN7MnQ/ugreen-65381-webcam-65381,https://m.media-amazon.com/images/I/41IITU33cVL.jpg,"4k, 1080p",USB 2.0 Type-A,Auto,"Windows, OS X, Android",70°,44.99
Green Extreme T200,https://pcpartpicker.com/product/2GgQzy/green-extreme-t200-webcam-gx-t200,https://cdna.pcpartpicker.com/static/forever/images/product/d63b78bf4915b1cba7284a5fb1c4dcaa.256p.jpg,"1080p, 720p, 480p",USB 2.0 Type-A,Auto,"Windows, OS X, Android",65°,14.99
Elgato Facecam 4K,https://pcpartpicker.com/product/8mQwrH/elgato-facecam-4k-webcam-10waf9901,https://cdna.pcpartpicker.com/static/forever/images/product/fcb546952f33b450a2fe310c1ebfff5f.256p.jpg,"4k, 2k, 1080p, 720p",USB 3.2 Gen 1 Type-C,Fixed,"Windows, OS X",90°,
Elgato Facecam Pro,https://pcpartpicker.com/product/dx9wrH/elgato-facecam-pro-webcam-10wab9901,https://cdna.pcpartpicker.com/static/forever/images/product/320ed317251127b3af9dad5fa21f1a23.256p.jpg,"4k, 1080p, 720p",USB 3.2 Gen 1 Type-C,Auto,"Windows, OS X",90°,
Logitech C920s HD Pro,https://pcpartpicker.com/product/2LgQzy/logitech-c920s-hd-pro-webcam-960-001257,https://m.media-amazon.com/images/I/413c3lWANvL.jpg,"1080p, 720p",USB 2.0 Type-A,Auto,"Windows, OS X, ChromeOS, Android",78°,50.97
Logitech MX BRIO,https://pcpartpicker.com/product/fPkH99/logitech-mx-brio-webcam-960-001550,https://cdna.pcpartpicker.com/static/forever/images/product/79f6e956fa576b73514f69ad5b0053bb.256p.jpg,"4k, 1080p",USB 3.2 Gen 1 Type-C,Auto,"Windows, ChromeOS",90°,169.99
NexiGo N60,https://pcpartpicker.com/product/ByZWGX/nexigo-n60-webcam-n60,https://m.media-amazon.com/images/I/41tYb74YvaL.jpg,1080p,USB 2.0 Type-A,Fixed,"Windows, OS X, Linux, ChromeOS, Android",110°,26.99
Logitech MX BRIO,https://pcpartpicker.com/product/4d7scf/logitech-mx-brio-webcam-960-001558,https://cdna.pcpartpicker.com/static/forever/images/product/0409d03530d8a5018155eb75f450d468.256p.jpg,"4k, 1080p",USB 3.2 Gen 1 Type-C,Auto,"Windows, ChromeOS",90°,169.99
Adesso Cybertrack H5,https://pcpartpicker.com/product/pnBhP6/adesso-cybertrack-h5-webcam-cybertrack-h5,https://cdna.pcpartpicker.com/static/forever/images/product/3905d8fd8428368c185dd6803ac03429.256p.jpg,1080p,USB 2.0 Type-A,Auto,"Windows, OS X",80°,49.08
Insta360 Link 2,https://pcpartpicker.com/product/J7wD4D/insta360-link-2-webcam-cinsabnb-st,https://m.media-amazon.com/images/I/31yHY4xbTSL.jpg,"4k, 1080p, 720p",USB 2.0 Type-C,Auto,"Windows, OS X",79.5°,
Logitech C922 Pro Stream HD,https://pcpartpicker.com/product/DTgQzy/logitech-c922-pro-stream-hd-webcam-960-001087,https://cdna.pcpartpicker.com/static/forever/images/product/a0b4b1c257ffd6fdd62efe95b9c29201.256p.jpg,"1080p, 720p",USB 2.0 Type-A,Auto,"Windows, OS X, ChromeOS, Android",78°,99.99
Razer Kiyo Pro Ultra,https://pcpartpicker.com/product/dMfnTW/razer-kiyo-pro-ultra-webcam-rz19-04420100-r3u1,https://cdna.pcpartpicker.com/static/forever/images/product/f0281d7b65771dacec49d796123aa7f6.256p.jpg,"4k, 2k, 1080p, 720p",USB 3.2 Gen 1 Type-A,Auto,Windows,82°,
Adesso Cybertrack H2,https://pcpartpicker.com/product/XB6qqs/adesso-cybertrack-h2-webcam-cybertrack-h2,https://cdna.pcpartpicker.com/static/forever/images/product/d76586e4e1025fc9083aff89ac83f25d.256p.jpg,480p,USB 2.0 Type-A,Fixed,"Windows, OS X",62°,14.99
aoni A31,https://pcpartpicker.com/product/gxqBD3/aoni-a31-webcam-a31,https://cdna.pcpartpicker.com/static/forever/images/product/6a4921a86a061ce0d1436bbaaedabafb.256p.jpg,"1080p, 720p, 480p",USB 2.0 Type-A,Auto,"Windows, OS X, Linux, ChromeOS, Android",84°,21.95
Elgato FACECAM MK.2,https://pcpartpicker.com/product/Cbgrxr/elgato-facecam-mk2-webcam-10wac9901,https://cdna.pcpartpicker.com/static/forever/images/product/e585bff6bd397c38e48a1f9ee7362038.256p.jpg,"1080p, 720p",USB 3.2 Gen 1 Type-C,Fixed,"Windows, OS X",84°,109.99
Razer Kiyo,https://pcpartpicker.com/product/F9drxr/razer-kiyo-webcam-rz19-02320100-r3u1,https://cdna.pcpartpicker.com/static/forever/images/product/9a20036a42989c40ac4815feccc3c380.256p.jpg,"1080p, 720p, 480p",USB 2.0 Type-A,Auto,Windows,81.6°,
Anker AnkerWork C310,https://pcpartpicker.com/product/vR7scf/anker-ankerwork-c310-webcam-a3367,https://m.media-amazon.com/images/I/41e7iSQiX2L.jpg,"4k, 1080p",USB 3.2 Gen 1 Type-C,Auto,"Windows, OS X",95°,99.99
NexiGo N660P,https://pcpartpicker.com/product/Hc3NnQ/nexigo-n660p-webcam-n660pwht,https://m.media-amazon.com/images/I/31-gQF3VyXL.jpg,"1080p, 720p, 480p",USB 2.0 Type-A,Auto,"Windows, OS X, ChromeOS",,64.98
Elgato Facecam Neo,https://pcpartpicker.com/product/mBxTwP/elgato-facecam-neo-webcam-10wae9901,https://cdna.pcpartpicker.com/static/forever/images/product/2137c5bafb5a77d2753f9f101fe626ca.256p.jpg,"1080p, 720p",USB 3.2 Gen 1 Type-C,Auto,"Windows, OS X",77°,
Insta360 Insta360 Link,https://pcpartpicker.com/product/WHC48d/insta360-insta360-link-webcam-cinstbja,https://cdna.pcpartpicker.com/static/forever/images/product/d0984d0f24918d0e630272f95c2635de.256p.jpg,"4k, 1080p, 720p",USB 2.0 Type-C,Auto,"Windows, OS X",79.5°,
Adesso Cybertrack H6,https://pcpartpicker.com/product/td2bt6/adesso-cybertrack-h6-webcam-cybertrack-h6,https://cdna.pcpartpicker.com/static/forever/images/product/3f2fca48bf142ce9c9046c57213e3df8.256p.jpg,4k,USB 2.0 Type-A,Fixed,"Windows, OS X",80°,54.99
OBSBOT MEET 2,https://pcpartpicker.com/product/zZ4Zxr/obsbot-meet-2-webcam-meet-2-space-grey,https://m.media-amazon.com/images/I/31C-AKF6QWL.jpg,"4k, 1080p, 720p, 480p",USB 2.0 Type-C,Auto,"Windows, OS X",79.4°,129.00
Adesso Cybertrack H4,https://pcpartpicker.com/product/hrQfrH/adesso-cybertrack-h4-webcam-cybertrack-h4,https://cdna.pcpartpicker.com/static/forever/images/product/609bd822e89f8c8fd2362da74f2a46fe.256p.jpg,1080p,USB 2.0 Type-A,Manual,"Windows, OS X",78°,29.99
Insta360 Link2C Pro,https://pcpartpicker.com/product/KCWmP6/insta360-link2c-pro-webcam-cinsabpb,https://m.media-amazon.com/images/I/31gMFgts1SL.jpg,"4k, 1080p, 720p",USB 2.0 Type-C,Auto,"Windows, OS X",83.9°,199.99
Asus ROG EYE S,https://pcpartpicker.com/product/N2TFf7/asus-rog-eye-s-webcam-rog-eye-s,https://m.media-amazon.com/images/I/41XgiMrsEqL.jpg,1080p,USB 2.0 Type-A,Auto,,,139.53
Razer Kiyo Pro,https://pcpartpicker.com/product/JBcG3C/razer-kiyo-pro-webcam-rz19-03640100-r3u1,https://cdna.pcpartpicker.com/static/forever/images/product/3ab4d36d1a140e821e72a40ca75b3372.256p.jpg,"1080p, 720p, 480p",USB 3.2 Gen 1 Type-A,Auto,Windows,103°,
Razer Kiyo X,https://pcpartpicker.com/product/rrbTwP/razer-kiyo-x-webcam-rz19-04170100-r3u1,https://cdna.pcpartpicker.com/static/forever/images/product/c38deaf6584dbc0f0ec53a2f11b486d9.256p.jpg,"1080p, 720p",USB 2.0 Type-A,Auto,Windows,82°,
Logitech Brio 500,https://pcpartpicker.com/product/p3XMnQ/logitech-brio-500-webcam-960-001427,https://cdna.pcpartpicker.com/static/forever/images/product/81a462b35de26e930ec698af546bc618.256p.jpg,"1080p, 720p",USB 2.0 Type-C,Auto,"Windows, OS X, ChromeOS",90°,129.99
YoloLiv YoloCam S3,https://pcpartpicker.com/product/s8kqqs/yololiv-yolocam-s3-webcam-y-cam-cn006,https://m.media-amazon.com/images/I/31BYIG6y7yL.jpg,"4k, 1080p, 720p",USB 3.2 Gen 1 Type-A,Auto,"Windows, OS X",82°,199.00
Logitech MX BRIO,https://pcpartpicker.com/product/nLNYcf/logitech-mx-brio-webcam-960-001545,https://m.media-amazon.com/images/I/31MO34WBGhL.jpg,"4k, 1080p",USB 3.2 Gen 1 Type-C,Auto,"Windows, ChromeOS",90°,169.99
Logitech StreamCam,https://pcpartpicker.com/product/7FLwrH/logitech-streamcam-webcam-960-001286,https://cdna.pcpartpicker.com/static/forever/images/product/837554dab5fa5f580779ab36e44f3e21.256p.jpg,"1080p, 720p",USB 3.2 Gen 1 Type-C,Auto,"Windows, OS X",78°,149.99
Logitech Brio 500,https://pcpartpicker.com/product/H4kqqs/logitech-brio-500-webcam-960-001493,https://cdna.pcpartpicker.com/static/forever/images/product/e6220abd58c36f62784aca82523ae5a0.256p.jpg,"1080p, 720p",USB 2.0 Type-C,Auto,"Windows, OS X, ChromeOS",90°,123.49
Adesso CyberTrack H3,https://pcpartpicker.com/product/JXzFf7/adesso-cybertrack-h3-webcam-cybertrackh3,https://cdna.pcpartpicker.com/static/forever/images/product/ac3d8ee27fabd3bfbd1532c21979049f.256p.jpg,720p,USB 2.0 Type-A,Manual,"Windows, OS X",,19.98
Logitech StreamCam,https://pcpartpicker.com/product/9YK2FT/logitech-streamcam-webcam-960-001289,https://cdna.pcpartpicker.com/static/forever/images/product/bdbf664155ee32da5186146b7d1fb577.256p.jpg,"1080p, 720p",USB 3.2 Gen 1 Type-C,Auto,"Windows, OS X",78°,154.11
Asus Webcam C3,https://pcpartpicker.com/product/TcYmP6/asus-webcam-c3-webcam-asus-webcam-c3,https://cdna.pcpartpicker.com/static/forever/images/product/88b6f76371bca51927ef59daf3eae23c.256p.jpg,1080p,USB 2.0 Type-A,,"Windows, OS X, ChromeOS",,
Creative Labs Live! Cam Sync 1080p,https://pcpartpicker.com/product/k3GnTW/creative-labs-live-cam-sync-1080p-webcam-03vf086000000,https://cdna.pcpartpicker.com/static/forever/images/product/559d0c014a8ed673269ee19bab60e646.256p.jpg,"1080p, 720p",USB 2.0 Type-A,Auto,"Windows, OS X",77°,62.80
Logitech C925e,https://pcpartpicker.com/product/mjDkcf/logitech-c925e-webcam-960-001075,https://cdna.pcpartpicker.com/static/forever/images/product/ff4f6037a18e3094582e405b4343ebf1.256p.jpg,"1080p, 720p",USB 2.0 Type-A,Auto,"Windows, OS X, Linux",78°,119.99
OBSBOT MEET 2,https://pcpartpicker.com/product/BrJp99/obsbot-meet-2-webcam-meet-2-cloud-white,https://cdna.pcpartpicker.com/static/forever/images/product/837cf1eaa26686f4a3032211d660b737.256p.jpg,"4k, 1080p, 720p, 480p",USB 2.0 Type-C,Auto,"Windows, OS X",79.4°,129.00
NexiGo N660P,https://pcpartpicker.com/product/p63NnQ/nexigo-n660p-webcam-n660p-pink,https://m.media-amazon.com/images/I/31R40S8TXRL.jpg,"1080p, 720p, 480p",USB 2.0 Type-A,Auto,"Windows, OS X, ChromeOS",,68.98
Logitech C930e,https://pcpartpicker.com/product/6V9tt6/logitech-c930e-webcam-960-000971,https://cdna.pcpartpicker.com/static/forever/images/product/2a631278e6f31ff2b7e56515a98465d4.256p.jpg,"1080p, 720p",USB 2.0 Type-A,Auto,"Windows, OS X, ChromeOS",90°,74.98
Logitech StreamCam Plus,https://pcpartpicker.com/product/jQsnTW/logitech-streamcam-plus-webcam-960-001280,https://cdna.pcpartpicker.com/static/forever/images/product/e35cd1f2bf8c802838304d97f03d2d51.256p.jpg,"1080p, 720p, 480p",USB 3.2 Gen 1 Type-C,Auto,"Windows, OS X",,159.99
Avermedia Live Streamer CAM 313,https://pcpartpicker.com/product/nhwkcf/avermedia-live-streamer-cam-313-webcam-pw313,https://cdna.pcpartpicker.com/static/forever/images/product/40c54a365eecec3c8a2ed3ed8f8bdba5.256p.jpg,1080p,USB 2.0 Type-A,Fixed,"Windows, OS X",,60.78
Logitech B525,https://pcpartpicker.com/product/rCWBD3/logitech-b525-webcam-960-000841,https://cdna.pcpartpicker.com/static/forever/images/product/cc7558d9e0f09bdad3d7b5b4bc2b6a6a.256p.jpg,"1080p, 720p",USB 2.0 Type-A,Auto,"Windows, OS X",69°,
OBSBOT Tiny SE,https://pcpartpicker.com/product/gfG2FT/obsbot-tiny-se-webcam-tiny-se,https://m.media-amazon.com/images/I/31i8g466O5L.jpg,"1080p, 720p, 480p",USB 3.2 Gen 1 Type-C,Auto,"Windows, OS X",78°,89.00
Anker B600 Video Bar,https://pcpartpicker.com/product/JDt9TW/anker-b600-video-bar-webcam-a3383,https://cdna.pcpartpicker.com/static/forever/images/product/fb53c5e92f522fcdaa6010f2c0574857.256p.jpg,"2k, 1080p, 720p",USB 3.2 Gen 1 Type-C,Auto,"Windows, OS X",95°,
Dell WB3023,https://pcpartpicker.com/product/csWmP6/dell-wb3023-webcam-wb3023-ddao,https://cdna.pcpartpicker.com/static/forever/images/product/62ca4fa0dffb5cad36155f12e7512d29.256p.jpg,"2k, 1080p, 720p",USB 2.0 Type-A,Auto,"Windows, OS X",78°,61.40
NexiGo N660P,https://pcpartpicker.com/product/hfYRsY/nexigo-n660p-webcam-n660p,https://m.media-amazon.com/images/I/414OTgioDAL.jpg,"1080p, 720p, 480p",USB 2.0 Type-A,Auto,"Windows, OS X, ChromeOS",,59.99
Logitech Brio 500,https://pcpartpicker.com/product/hjQwrH/logitech-brio-500-webcam-960-001432,https://cdna.pcpartpicker.com/static/forever/images/product/e67b2f6076b6573de314a12cdfd9fc32.256p.jpg,"1080p, 720p",USB 2.0 Type-C,Auto,"Windows, OS X, ChromeOS",90°,127.99
Avermedia PW513,https://pcpartpicker.com/product/NGjBD3/avermedia-pw513-webcam-pw513,https://cdna.pcpartpicker.com/static/forever/images/product/9b3296db77fc58a6c82f0accd32173a9.256p.jpg,"4k, 1080p",USB 3.2 Gen 1 Type-C,Fixed,"Windows, OS X",94°,99.99
Elgato Facecam Premium,https://pcpartpicker.com/product/N9nypg/elgato-facecam-premium-webcam-10waa9901,https://cdna.pcpartpicker.com/static/forever/images/product/5cbc1fbecdd593379e7b61441df163ed.256p.jpg,"1080p, 720p",USB 3.2 Gen 1 Type-A,Manual,"Windows, OS X",82°,
Logitech C615 Portable,https://pcpartpicker.com/product/b6bCmG/logitech-c615-portable-webcam-960-000733,https://cdna.pcpartpicker.com/static/forever/images/product/69265d5978d471b96008706a9a8ce830.256p.jpg,"1080p, 720p",USB 2.0 Type-A,Auto,"Windows, OS X, ChromeOS, Android",78°,
OBSBOT Tiny 4K,https://pcpartpicker.com/product/vDMMnQ/obsbot-tiny-4k-webcam-owb-2105-ce,https://cdna.pcpartpicker.com/static/forever/images/product/b33ef459d60d84878397cfd778895141.256p.jpg,"4k, 1080p, 720p",USB 3.2 Gen 1 Type-A,Auto,"Windows, OS X",90°,
OBSBOT MEET 2,https://pcpartpicker.com/product/jWn9TW/obsbot-meet-2-webcam-meet-2-aurora-green,https://cdna.pcpartpicker.com/static/forever/images/product/f402ac9ba4b6942eaba375bfcaf80609.256p.jpg,"4k, 1080p, 720p, 480p",USB 2.0 Type-C,Auto,"Windows, OS X",79.4°,129.00
Logitech C910,https://pcpartpicker.com/product/2kCFf7/logitech-c910-webcam-960-000597,https://m.media-amazon.com/images/I/31826FTrjHL.jpg,"1080p, 720p",USB 2.0 Type-A,Auto,"Windows, OS X",78°,60.99
AUKEY PC-LM1,https://pcpartpicker.com/product/R9drxr/aukey-pc-lm1-webcam-pc-lm1,https://m.media-amazon.com/images/I/310SV0HFMPL.jpg,"1080p, 720p, 480p",USB 2.0 Type-A,Manual,"Windows, OS X, Android",55°,
Logitech C505,https://pcpartpicker.com/product/4DzhP6/logitech-c505-webcam-960-001363,https://cdna.pcpartpicker.com/static/forever/images/product/14bd98c81302eaea1d110f7ce601b2e7.256p.jpg,720p,USB 2.0 Type-A,Fixed,"Windows, OS X, ChromeOS",60°,
Green Extreme T1000,https://pcpartpicker.com/product/6gjNnQ/green-extreme-t1000-webcam-gx-t1000,https://cdna.pcpartpicker.com/static/forever/images/product/e410ce7f3958ee615aafc65cbfaaaa92.256p.jpg,1080p,USB 2.0 Type-A,Auto,"Windows, OS X",120°,79.00
Logitech C310,https://pcpartpicker.com/product/xmZzK8/logitech-c310-webcam-960-000585,https://m.media-amazon.com/images/I/31ve3mfHHZL.jpg,720p,USB 2.0 Type-A,Fixed,"Windows, OS X, ChromeOS, Android",60°,
Logitech C525,https://pcpartpicker.com/product/knBhP6/logitech-c525-webcam-960-000715,https://m.media-amazon.com/images/I/412mB0R+4RL.jpg,720p,USB 2.0 Type-A,Auto,"Windows, OS X, ChromeOS, Android",69°,69.98
Microsoft LifeCam HD-3000,https://pcpartpicker.com/product/MxqBD3/microsoft-lifecam-hd-3000-webcam-t4h-00002,https://cdna.pcpartpicker.com/static/forever/images/product/4c166ff82cbd102d2cdcb007f5e867e9.256p.jpg,720p,USB 2.0 Type-A,Fixed,"Windows, OS X",,
Logitech C505e,https://pcpartpicker.com/product/YJkWGX/logitech-c505e-webcam-960-001385,https://cdna.pcpartpicker.com/static/forever/images/product/1cc5a995953b6b6f672289a7a400586e.256p.jpg,720p,USB 2.0 Type-A,Fixed,"Windows, OS X, ChromeOS",60°,54.99
Asus ROG EYE,https://pcpartpicker.com/product/KLgQzy/asus-rog-eye-webcam-rog-eye,https://m.media-amazon.com/images/I/41xPwtnMubL.jpg,1080p,USB 2.0 Type-A,Auto,"Windows, OS X",,
Avermedia 4K UHD Webcam 510,https://pcpartpicker.com/product/wJQfrH/avermedia-4k-uhd-webcam-510-webcam-pw510,https://cdna.pcpartpicker.com/static/forever/images/product/2b6ff015cbe3af7f030c781aaf9b71d5.256p.jpg,"4k, 1080p, 720p, 480p",USB 3.2 Gen 1 Type-C,,Windows,85°,
Microsoft LifeCam Studio,https://pcpartpicker.com/product/nqMTwP/microsoft-lifecam-studio-webcam-q2f-00013,https://cdna.pcpartpicker.com/static/forever/images/product/3c91dfebe3e19e8f34be04eceb27f37c.256p.jpg,"1080p, 720p",USB 2.0 Type-A,Auto,"Windows, OS X",75°,
Avermedia PW310P,https://pcpartpicker.com/product/ZL7G3C/avermedia-pw310p-webcam-pw310p,https://m.media-amazon.com/images/I/41-byategfL.jpg,1080p,USB 2.0 Type-A,Auto,"Windows, OS X, ChromeOS",73°,59.99
Anker PowerConf C302,https://pcpartpicker.com/product/dPPQzy/anker-powerconf-c302-webcam-a3362,https://cdna.pcpartpicker.com/static/forever/images/product/0c93df2016d73542bef2c237a8a1a1ee.256p.jpg,"2k, 1080p, 720p",USB 3.2 Gen 1 Type-C,Auto,"Windows, OS X",115°,
Microsoft LifeCam Studio for Business,https://pcpartpicker.com/product/Dydrxr/microsoft-lifecam-studio-for-business-webcam-5wh-00002,https://cdna.pcpartpicker.com/static/forever/images/product/1a9648fa4c69787cf6f231687203d856.256p.jpg,"1080p, 720p",USB 2.0 Type-A,Auto,"Windows, OS X",75°,82.00
Avermedia PW315,https://pcpartpicker.com/product/BmxRsY/avermedia-pw315-webcam-pw315,https://cdna.pcpartpicker.com/static/forever/images/product/589062177bcb9c09411ed9add3fa4a70.256p.jpg,1080p,USB 2.0 Type-A,Fixed,"Windows, OS X, ChromeOS",95.8°,99.99
Anker PowerConf C300,https://pcpartpicker.com/product/yrZ9TW/anker-powerconf-c300-webcam-a3361,https://cdna.pcpartpicker.com/static/forever/images/product/891c66e519ea2dc961736d4ce527aac1.256p.jpg,"1080p, 720p",USB 3.2 Gen 1 Type-C,Auto,"Windows, OS X",115°,
Microsoft Lifecam Cinema,https://pcpartpicker.com/product/N77p99/microsoft-lifecam-cinema-webcam-h5d-00013,https://cdna.pcpartpicker.com/static/forever/images/product/cb6c32d086c6810b738a8b870a139fa0.256p.jpg,720p,USB 2.0 Type-A,Auto,Windows,73°,
Creative Labs Live! Cam Sync HD,https://pcpartpicker.com/product/8qMTwP/creative-labs-live-cam-sync-hd-webcam-73vf077000000,https://cdna.pcpartpicker.com/static/forever/images/product/5b828c70f7e7f095f5cb344d85dd028e.256p.jpg,720p,USB 2.0 Type-A,Fixed,"Windows, OS X",,
VDO360 2SEE,https://pcpartpicker.com/product/TxqBD3/vdo360-2see-webcam-vdos4m,https://cdna.pcpartpicker.com/static/forever/images/product/8ac7231db1827f258d7698eaa9ed3aaf.256p.jpg,"1080p, 720p",USB 2.0 Type-A,,"Windows, OS X, Linux, Android",75°,
Microsoft LifeCam HD-3000 L2,https://pcpartpicker.com/product/LxqBD3/microsoft-lifecam-hd-3000-l2-webcam-t3h-00011,https://cdna.pcpartpicker.com/static/forever/images/product/af905f6aabce307ac01e86d331d39e45.256p.jpg,720p,USB 2.0 Type-A,Fixed,"Windows, OS X",,
Microsoft LifeCam CinemaaFor Business,https://pcpartpicker.com/product/wnBhP6/microsoft-lifecam-cinemaafor-business-webcam-6ch-00001,https://cdna.pcpartpicker.com/static/forever/images/product/a50f76b93f27307e52589e86ca926451.256p.jpg,720p,USB 2.0 Type-A,Auto,"Windows, OS X",,
Adesso Cybertrack H4P,https://pcpartpicker.com/product/HjDkcf/adesso-cybertrack-h4p-webcam-cybertrack-h4p,https://cdna.pcpartpicker.com/static/forever/images/product/961ba7424f58a1eb64c6902f2ae4f27a.256p.jpg,1080p,USB 2.0 Type-A,Manual,"Windows, OS X",78°,
Creative Labs BlasterX Senz3D,https://pcpartpicker.com/product/mpkgXL/creative-labs-blasterx-senz3d-webcam-vf081000000,https://cdna.pcpartpicker.com/static/forever/images/product/4779680dd6345bf28871941d4cb9a8e4.256p.jpg,"1080p, 720p",USB 3.2 Gen 1 Type-A,Auto,Windows,77°,
Green Extreme T300,https://pcpartpicker.com/product/bzLwrH/green-extreme-t300-webcam-gx-t300,https://cdna.pcpartpicker.com/static/forever/images/product/09106d7c834ed70a77594bab094304f1.256p.jpg,"1080p, 720p, 480p",USB 2.0 Type-A,Auto,"Windows, OS X, Android",94°,
Green Extreme T200 + Live Streaming Bundle,https://pcpartpicker.com/product/j9drxr/green-extreme-t200-live-streaming-bundle-webcam-gx-t200-k1,https://cdna.pcpartpicker.com/static/forever/images/product/6742a2747e6eae9251b49c0b97d75cd7.256p.jpg,1080p,USB 2.0 Type-A,Auto,"Windows, OS X, Android",,
Avermedia HD Webcam 310,https://pcpartpicker.com/product/MQsnTW/avermedia-hd-webcam-310-webcam-pw310o,https://m.media-amazon.com/images/I/41OEoZC1AsL.jpg,"1080p, 720p, 480p",USB 2.0 Type-A,Auto,"Windows, OS X, Android",,
Wansview 101JD,https://pcpartpicker.com/product/67jNnQ/wansview-101jd-webcam-101jd,https://cdna.pcpartpicker.com/static/forever/images/product/4669f48df62932d8e9ea3f01ac00eda0.256p.jpg,1080p,USB 2.0 Type-A,,"Windows, OS X, Android",90°,
Wansview 102JD,https://pcpartpicker.com/product/j3Dkcf/wansview-102jd-webcam-102jd,https://cdna.pcpartpicker.com/static/forever/images/product/6f682b778fe8b18a3dc633ad5e241a74.256p.jpg,1080p,USB 2.0 Type-A,,"Windows, OS X, Android",90°,
Wansview 105JD,https://pcpartpicker.com/product/8WqPxr/wansview-105jd-webcam-105jd,https://cdna.pcpartpicker.com/static/forever/images/product/bddb68bb7b9cda8859ed8ae5aa7c4a55.256p.jpg,1080p,USB 2.0 Type-A,Manual,"Windows, OS X, Android",90°,
Wansview 106JD,https://pcpartpicker.com/product/xDgFf7/wansview-106jd-webcam-106jd,https://cdna.pcpartpicker.com/static/forever/images/product/bff192640f123c0be0efd4c9ee997c95.256p.jpg,1080p,USB 2.0 Type-A,Auto,"Windows, OS X, Android",60°,
OBSBOT Tiny,https://pcpartpicker.com/product/JpNYcf/obsbot-tiny-webcam-owb-2004-ce,https://cdna.pcpartpicker.com/static/forever/images/product/98fe8af9b7c8e972ce09b8aa5fe5932a.256p.jpg,"1080p, 720p",USB 2.0 Type-A,Auto,"Windows, OS X",86°,
VIZOLINK W4DS,https://pcpartpicker.com/product/tYKnTW/vizolink-w4ds-webcam-tlsx-w4ds-us,/static/forever/img/no-image.png,"2k, 1080p, 720p",USB 2.0 Type-A,Auto,"Windows, OS X, ChromeOS, Android",65°,
